idade;sexo;peso;altura;nivelexperiencia;Objetivos;Plano_treino;carga;repeticoes;descricao_template
16;M;120;178;intermediario;emagrecimento;A;moderada;4;Treino A (Peito, Tríceps, Ombro)
28;F;79;152;intermediario;resistencia;B;baixa;5;Treino B (Costas, Bíceps, Abdômen)
39;M;62;197;avancado;reabilitacao;D;baixa;5;Treino D (Funcional / Reabilitação)
64;M;74;175;avancado;musculacao;A;moderada;6;Treino A (Peito, Tríceps, Ombro)
52;F;52;167;iniciante;emagrecimento;B;baixa;5;Treino B (Costas, Bíceps, Abdômen)
67;M;62;167;avancado;emagrecimento;A;alta;3;Treino A (Peito, Tríceps, Ombro)
43;M;79;191;iniciante;reabilitacao;D;baixa;6;Treino D (Funcional / Reabilitação)
27;M;100;183;avancado;resistencia;C;moderada;5;Treino C (Pernas Completo)
72;M;123;173;avancado;reabilitacao;D;baixa;5;Treino D (Funcional / Reabilitação)
67;F;58;161;avancado;emagrecimento;C;alta;3;Treino C (Pernas Completo)
30;F;70;162;avancado;reabilitacao;D;baixa;5;Treino D (Funcional / Reabilitação)
55;F;53;165;intermediario;reabilitacao;D;baixa;6;Treino D (Funcional / Reabilitação)
42;M;92;179;intermediario;resistencia;A;moderada;6;Treino A (Peito, Tríceps, Ombro)
19;F;68;176;iniciante;emagrecimento;B;moderada;4;Treino B (Costas, Bíceps, Abdômen)
44;F;63;173;intermediario;emagrecimento;C;baixa;6;Treino C (Pernas Completo)
18;M;66;200;iniciante;reabilitacao;D;baixa;6;Treino D (Funcional / Reabilitação)
37;M;88;193;iniciante;musculacao;B;baixa;5;Treino B (Costas, Bíceps, Abdômen)
55;M;66;178;iniciante;reabilitacao;D;baixa;5;Treino D (Funcional / Reabilitação)
26;M;119;187;avancado;resistencia;A;alta;3;Treino A (Peito, Tríceps, Ombro)
22;F;48;162;intermediario;emagrecimento;C;alta;4;Treino C (Pernas Completo)
75;F;70;170;iniciante;reabilitacao;D;baixa;5;Treino D (Funcional / Reabilitação)
56;M;62;183;iniciante;emagrecimento;C;baixa;5;Treino C (Pernas Completo)
25;M;122;194;intermediario;musculacao;A;moderada;5;Treino A (Peito, Tríceps, Ombro)
65;M;90;172;iniciante;emagrecimento;A;moderada;5;Treino A (Peito, Tríceps, Ombro)
61;M;111;199;intermediario;reabilitacao;D;baixa;6;Treino D (Funcional / Reabilitação)
37;F;54;168;avancado;emagrecimento;B;alta;1;Treino B (Costas, Bíceps, Abdômen)
61;F;47;156;avancado;reabilitacao;D;baixa;6;Treino D (Funcional / Reabilitação)
74;F;82;177;iniciante;reabilitacao;D;baixa;6;Treino D (Funcional / Reabilitação)
18;F;77;161;iniciante;emagrecimento;C;moderada;5;Treino C (Pernas Completo)
40;M;111;195;iniciante;resistencia;A;baixa;6;Treino A (Peito, Tríceps, Ombro)
34;M;83;187;avancado;musculacao;B;moderada;5;Treino B (Costas, Bíceps, Abdômen)
68;M;120;171;avancado;reabilitacao;D;baixa;6;Treino D (Funcional / Reabilitação)
64;M;89;182;iniciante;resistencia;A;baixa;5;Treino A (Peito, Tríceps, Ombro)
54;M;92;173;avancado;emagrecimento;B;alta;1;Treino B (Costas, Bíceps, Abdômen)
39;M;66;184;intermediario;emagrecimento;C;moderada;5;Treino C (Pernas Completo)
41;F;83;150;avancado;emagrecimento;B;moderada;4;Treino B (Costas, Bíceps, Abdômen)
75;F;58;159;avancado;emagrecimento;C;alta;2;Treino C (Pernas Completo)
69;F;70;168;avancado;reabilitacao;D;baixa;6;Treino D (Funcional / Reabilitação)
26;F;82;170;avancado;musculacao;C;moderada;5;Treino C (Pernas Completo)
57;F;56;152;intermediario;musculacao;A;moderada;4;Treino A (Peito, Tríceps, Ombro)
39;F;78;163;avancado;reabilitacao;D;baixa;5;Treino D (Funcional / Reabilitação)
28;F;84;152;avancado;resistencia;C;alta;4;Treino C (Pernas Completo)
36;F;67;159;avancado;resistencia;B;alta;2;Treino B (Costas, Bíceps, Abdômen)
68;M;114;168;intermediario;musculacao;B;alta;4;Treino B (Costas, Bíceps, Abdômen)
30;M;99;186;avancado;resistencia;C;alta;1;Treino C (Pernas Completo)
75;F;73;154;intermediario;emagrecimento;A;alta;1;Treino A (Peito, Tríceps, Ombro)
26;F;83;168;avancado;resistencia;A;moderada;6;Treino A (Peito, Tríceps, Ombro)
57;M;92;176;avancado;resistencia;C;moderada;4;Treino C (Pernas Completo)
74;M;120;180;intermediario;reabilitacao;D;baixa;5;Treino D (Funcional / Reabilitação)
36;F;80;176;intermediario;resistencia;A;baixa;5;Treino A (Peito, Tríceps, Ombro)
61;F;90;172;avancado;resistencia;B;alta;4;Treino B (Costas, Bíceps, Abdômen)
72;F;50;163;intermediario;emagrecimento;A;baixa;5;Treino A (Peito, Tríceps, Ombro)
19;F;72;151;intermediario;emagrecimento;B;alta;2;Treino B (Costas, Bíceps, Abdômen)
62;M;85;197;intermediario;resistencia;B;baixa;5;Treino B (Costas, Bíceps, Abdômen)
72;M;71;197;intermediario;emagrecimento;C;moderada;6;Treino C (Pernas Completo)
50;F;69;176;intermediario;musculacao;C;moderada;4;Treino C (Pernas Completo)
21;M;113;195;iniciante;resistencia;A;baixa;6;Treino A (Peito, Tríceps, Ombro)
63;M;115;190;intermediario;musculacao;C;alta;1;Treino C (Pernas Completo)
70;M;95;181;intermediario;emagrecimento;C;alta;4;Treino C (Pernas Completo)
28;M;106;177;avancado;resistencia;B;moderada;6;Treino B (Costas, Bíceps, Abdômen)
70;M;69;172;avancado;musculacao;C;alta;2;Treino C (Pernas Completo)
60;M;118;177;iniciante;reabilitacao;D;baixa;6;Treino D (Funcional / Reabilitação)
38;M;78;175;avancado;resistencia;C;moderada;5;Treino C (Pernas Completo)
74;F;70;150;iniciante;resistencia;B;moderada;6;Treino B (Costas, Bíceps, Abdômen)
39;F;62;179;iniciante;musculacao;B;baixa;6;Treino B (Costas, Bíceps, Abdômen)
19;F;78;179;avancado;reabilitacao;D;baixa;6;Treino D (Funcional / Reabilitação)
30;M;96;168;intermediario;reabilitacao;D;baixa;5;Treino D (Funcional / Reabilitação)
27;M;78;199;avancado;emagrecimento;B;alta;4;Treino B (Costas, Bíceps, Abdômen)
46;F;64;170;intermediario;resistencia;A;baixa;5;Treino A (Peito, Tríceps, Ombro)
17;M;113;178;avancado;emagrecimento;B;alta;3;Treino B (Costas, Bíceps, Abdômen)
50;M;67;196;iniciante;emagrecimento;C;baixa;6;Treino C (Pernas Completo)
54;M;73;180;avancado;emagrecimento;A;moderada;4;Treino A (Peito, Tríceps, Ombro)
53;F;83;170;iniciante;emagrecimento;B;moderada;6;Treino B (Costas, Bíceps, Abdômen)
73;F;82;171;intermediario;emagrecimento;A;baixa;6;Treino A (Peito, Tríceps, Ombro)
55;M;120;195;intermediario;emagrecimento;A;alta;3;Treino A (Peito, Tríceps, Ombro)
44;F;49;160;iniciante;reabilitacao;D;baixa;6;Treino D (Funcional / Reabilitação)
54;F;69;169;iniciante;resistencia;C;baixa;5;Treino C (Pernas Completo)
47;M;79;168;iniciante;resistencia;C;baixa;6;Treino C (Pernas Completo)
28;F;62;178;iniciante;musculacao;C;baixa;6;Treino C (Pernas Completo)
49;M;79;186;intermediario;reabilitacao;D;baixa;6;Treino D (Funcional / Reabilitação)
24;M;112;166;intermediario;emagrecimento;B;alta;1;Treino B (Costas, Bíceps, Abdômen)
33;F;65;152;iniciante;resistencia;B;moderada;5;Treino B (Costas, Bíceps, Abdômen)
34;M;119;189;avancado;resistencia;A;alta;3;Treino A (Peito, Tríceps, Ombro)
75;M;82;196;iniciante;musculacao;B;moderada;6;Treino B (Costas, Bíceps, Abdômen)
60;F;85;168;iniciante;musculacao;A;baixa;5;Treino A (Peito, Tríceps, Ombro)
68;F;51;180;intermediario;resistencia;B;baixa;6;Treino B (Costas, Bíceps, Abdômen)
17;M;99;169;avancado;reabilitacao;D;baixa;5;Treino D (Funcional / Reabilitação)
73;F;64;174;intermediario;resistencia;C;baixa;5;Treino C (Pernas Completo)
68;F;71;175;iniciante;musculacao;C;baixa;5;Treino C (Pernas Completo)
26;M;66;176;avancado;resistencia;C;moderada;5;Treino C (Pernas Completo)
16;M;79;200;avancado;emagrecimento;B;moderada;6;Treino B (Costas, Bíceps, Abdômen)
30;F;63;173;intermediario;emagrecimento;A;baixa;5;Treino A (Peito, Tríceps, Ombro)
63;F;82;151;iniciante;musculacao;B;moderada;5;Treino B (Costas, Bíceps, Abdômen)
32;M;117;198;avancado;resistencia;A;alta;4;Treino A (Peito, Tríceps, Ombro)
34;F;55;175;iniciante;resistencia;C;baixa;6;Treino C (Pernas Completo)
62;F;53;179;iniciante;reabilitacao;D;baixa;6;Treino D (Funcional / Reabilitação)
69;F;70;175;intermediario;musculacao;B;moderada;5;Treino B (Costas, Bíceps, Abdômen)
49;F;74;168;intermediario;reabilitacao;D;baixa;5;Treino D (Funcional / Reabilitação)
61;M;119;165;intermediario;reabilitacao;D;baixa;6;Treino D (Funcional / Reabilitação)
62;M;125;185;intermediario;resistencia;B;baixa;5;Treino B (Costas, Bíceps, Abdômen)
69;F;68;164;iniciante;reabilitacao;D;baixa;5;Treino D (Funcional / Reabilitação)
38;M;91;177;iniciante;emagrecimento;C;moderada;6;Treino C (Pernas Completo)
46;M;105;194;intermediario;musculacao;B;alta;4;Treino B (Costas, Bíceps, Abdômen)
68;M;67;176;iniciante;reabilitacao;D;baixa;5;Treino D (Funcional / Reabilitação)
31;M;77;195;avancado;musculacao;A;alta;1;Treino A (Peito, Tríceps, Ombro)
61;F;87;180;iniciante;resistencia;A;baixa;6;Treino A (Peito, Tríceps, Ombro)
38;M;61;180;intermediario;resistencia;A;alta;3;Treino A (Peito, Tríceps, Ombro)
73;M;117;178;avancado;emagrecimento;B;moderada;5;Treino B (Costas, Bíceps, Abdômen)
16;M;124;175;avancado;reabilitacao;D;baixa;6;Treino D (Funcional / Reabilitação)
57;F;59;165;iniciante;emagrecimento;A;moderada;4;Treino A (Peito, Tríceps, Ombro)
46;M;71;184;iniciante;musculacao;B;baixa;6;Treino B (Costas, Bíceps, Abdômen)
31;F;70;154;avancado;reabilitacao;D;baixa;6;Treino D (Funcional / Reabilitação)
25;F;50;155;intermediario;reabilitacao;D;baixa;5;Treino D (Funcional / Reabilitação)
70;M;76;172;iniciante;musculacao;A;baixa;5;Treino A (Peito, Tríceps, Ombro)
21;F;85;154;iniciante;reabilitacao;D;baixa;5;Treino D (Funcional / Reabilitação)
38;F;55;162;intermediario;reabilitacao;D;baixa;5;Treino D (Funcional / Reabilitação)
28;F;85;159;intermediario;resistencia;B;baixa;5;Treino B (Costas, Bíceps, Abdômen)
50;M;77;191;intermediario;emagrecimento;C;moderada;4;Treino C (Pernas Completo)
33;F;81;170;intermediario;musculacao;B;alta;1;Treino B (Costas, Bíceps, Abdômen)
38;M;98;179;iniciante;resistencia;C;baixa;5;Treino C (Pernas Completo)
58;F;76;176;intermediario;reabilitacao;D;baixa;6;Treino D (Funcional / Reabilitação)
24;F;78;169;avancado;emagrecimento;B;alta;4;Treino B (Costas, Bíceps, Abdômen)
68;M;118;197;iniciante;musculacao;B;moderada;4;Treino B (Costas, Bíceps, Abdômen)
23;F;78;169;iniciante;musculacao;A;baixa;6;Treino A (Peito, Tríceps, Ombro)
44;F;62;180;iniciante;musculacao;A;baixa;5;Treino A (Peito, Tríceps, Ombro)
54;F;90;172;avancado;reabilitacao;D;baixa;5;Treino D (Funcional / Reabilitação)
36;M;69;165;avancado;resistencia;C;alta;4;Treino C (Pernas Completo)
60;F;69;163;avancado;musculacao;C;moderada;5;Treino C (Pernas Completo)
26;M;79;189;avancado;resistencia;C;moderada;5;Treino C (Pernas Completo)
16;F;77;174;intermediario;resistencia;A;moderada;6;Treino A (Peito, Tríceps, Ombro)
68;M;112;200;intermediario;resistencia;C;baixa;5;Treino C (Pernas Completo)
66;F;82;163;avancado;reabilitacao;D;baixa;5;Treino D (Funcional / Reabilitação)
23;M;61;171;avancado;musculacao;C;moderada;6;Treino C (Pernas Completo)
56;F;45;175;avancado;musculacao;C;alta;4;Treino C (Pernas Completo)
72;F;66;179;intermediario;reabilitacao;D;baixa;5;Treino D (Funcional / Reabilitação)
29;M;109;177;avancado;resistencia;B;moderada;4;Treino B (Costas, Bíceps, Abdômen)
74;M;89;175;avancado;resistencia;B;alta;1;Treino B (Costas, Bíceps, Abdômen)
59;M;91;165;intermediario;resistencia;C;moderada;5;Treino C (Pernas Completo)
27;M;81;166;intermediario;emagrecimento;C;baixa;5;Treino C (Pernas Completo)
52;F;69;157;iniciante;resistencia;B;baixa;5;Treino B (Costas, Bíceps, Abdômen)
35;M;72;173;intermediario;resistencia;C;alta;3;Treino C (Pernas Completo)
33;M;102;166;avancado;resistencia;A;moderada;4;Treino A (Peito, Tríceps, Ombro)
20;F;71;152;iniciante;reabilitacao;D;baixa;6;Treino D (Funcional / Reabilitação)
60;F;52;174;iniciante;musculacao;A;baixa;5;Treino A (Peito, Tríceps, Ombro)
40;M;114;185;iniciante;emagrecimento;A;moderada;4;Treino A (Peito, Tríceps, Ombro)
59;F;71;166;avancado;reabilitacao;D;baixa;5;Treino D (Funcional / Reabilitação)
29;M;86;176;iniciante;musculacao;A;baixa;5;Treino A (Peito, Tríceps, Ombro)
58;F;56;150;intermediario;reabilitacao;D;baixa;5;Treino D (Funcional / Reabilitação)
32;M;80;169;avancado;reabilitacao;D;baixa;6;Treino D (Funcional / Reabilitação)
63;M;98;189;avancado;reabilitacao;D;baixa;6;Treino D (Funcional / Reabilitação)
44;M;84;194;intermediario;emagrecimento;B;alta;3;Treino B (Costas, Bíceps, Abdômen)
54;F;66;180;intermediario;reabilitacao;D;baixa;5;Treino D (Funcional / Reabilitação)
34;M;94;170;avancado;emagrecimento;A;alta;3;Treino A (Peito, Tríceps, Ombro)
66;M;91;187;iniciante;musculacao;B;moderada;5;Treino B (Costas, Bíceps, Abdômen)
25;F;60;155;intermediario;emagrecimento;B;alta;1;Treino B (Costas, Bíceps, Abdômen)
41;F;53;153;avancado;musculacao;B;moderada;5;Treino B (Costas, Bíceps, Abdômen)
35;M;107;177;iniciante;resistencia;C;baixa;5;Treino C (Pernas Completo)
29;F;89;159;avancado;musculacao;B;moderada;6;Treino B (Costas, Bíceps, Abdômen)
38;M;83;199;intermediario;emagrecimento;B;moderada;5;Treino B (Costas, Bíceps, Abdômen)
74;F;80;177;iniciante;resistencia;A;baixa;6;Treino A (Peito, Tríceps, Ombro)
66;M;79;173;intermediario;musculacao;C;moderada;5;Treino C (Pernas Completo)
40;M;102;187;intermediario;musculacao;C;moderada;6;Treino C (Pernas Completo)
49;M;74;185;intermediario;resistencia;C;alta;3;Treino C (Pernas Completo)
24;F;84;154;intermediario;resistencia;A;alta;4;Treino A (Peito, Tríceps, Ombro)
51;M;87;179;iniciante;resistencia;B;moderada;6;Treino B (Costas, Bíceps, Abdômen)
31;M;84;182;avancado;emagrecimento;A;alta;4;Treino A (Peito, Tríceps, Ombro)
50;F;72;164;intermediario;musculacao;C;moderada;5;Treino C (Pernas Completo)
67;F;71;170;iniciante;reabilitacao;D;baixa;6;Treino D (Funcional / Reabilitação)
67;F;45;158;intermediario;emagrecimento;C;moderada;5;Treino C (Pernas Completo)
44;F;72;165;avancado;musculacao;C;moderada;5;Treino C (Pernas Completo)
65;M;100;177;iniciante;resistencia;A;baixa;5;Treino A (Peito, Tríceps, Ombro)
42;F;67;172;iniciante;reabilitacao;D;baixa;6;Treino D (Funcional / Reabilitação)
30;M;62;191;avancado;resistencia;A;alta;1;Treino A (Peito, Tríceps, Ombro)
54;F;65;153;iniciante;musculacao;B;moderada;4;Treino B (Costas, Bíceps, Abdômen)
42;M;81;167;iniciante;reabilitacao;D;baixa;6;Treino D (Funcional / Reabilitação)
73;M;97;177;iniciante;emagrecimento;A;baixa;5;Treino A (Peito, Tríceps, Ombro)
42;M;83;167;avancado;emagrecimento;A;moderada;6;Treino A (Peito, Tríceps, Ombro)
65;F;74;178;intermediario;reabilitacao;D;baixa;5;Treino D (Funcional / Reabilitação)
45;F;74;176;iniciante;resistencia;B;baixa;6;Treino B (Costas, Bíceps, Abdômen)
42;M;111;165;intermediario;resistencia;B;moderada;5;Treino B (Costas, Bíceps, Abdômen)
16;M;102;173;avancado;musculacao;A;alta;4;Treino A (Peito, Tríceps, Ombro)
34;F;58;178;intermediario;musculacao;A;moderada;4;Treino A (Peito, Tríceps, Ombro)
42;M;88;192;intermediario;emagrecimento;C;moderada;5;Treino C (Pernas Completo)
32;F;58;161;iniciante;emagrecimento;B;baixa;6;Treino B (Costas, Bíceps, Abdômen)
67;F;68;164;iniciante;emagrecimento;B;moderada;6;Treino B (Costas, Bíceps, Abdômen)
48;F;63;157;iniciante;resistencia;A;moderada;6;Treino A (Peito, Tríceps, Ombro)
52;M;67;166;iniciante;emagrecimento;C;moderada;5;Treino C (Pernas Completo)
41;M;75;188;iniciante;emagrecimento;A;baixa;5;Treino A (Peito, Tríceps, Ombro)
55;F;84;165;intermediario;reabilitacao;D;baixa;5;Treino D (Funcional / Reabilitação)
44;M;73;196;intermediario;musculacao;C;alta;3;Treino C (Pernas Completo)
73;M;92;182;avancado;musculacao;B;moderada;5;Treino B (Costas, Bíceps, Abdômen)
21;M;82;200;intermediario;musculacao;B;alta;1;Treino B (Costas, Bíceps, Abdômen)
72;M;122;199;avancado;emagrecimento;A;moderada;5;Treino A (Peito, Tríceps, Ombro)
64;F;87;171;avancado;resistencia;C;moderada;6;Treino C (Pernas Completo)
49;M;120;170;iniciante;musculacao;C;baixa;6;Treino C (Pernas Completo)
30;M;97;166;intermediario;resistencia;B;alta;1;Treino B (Costas, Bíceps, Abdômen)
65;M;76;191;intermediario;resistencia;C;alta;2;Treino C (Pernas Completo)
27;M;73;174;avancado;emagrecimento;A;alta;1;Treino A (Peito, Tríceps, Ombro)
30;F;90;158;intermediario;musculacao;B;moderada;5;Treino B (Costas, Bíceps, Abdômen)
22;F;63;178;avancado;resistencia;A;alta;2;Treino A (Peito, Tríceps, Ombro)
52;F;64;168;iniciante;musculacao;C;baixa;5;Treino C (Pernas Completo)
21;M;78;177;avancado;resistencia;A;moderada;5;Treino A (Peito, Tríceps, Ombro)
39;F;86;180;avancado;emagrecimento;A;alta;1;Treino A (Peito, Tríceps, Ombro)
69;F;47;155;iniciante;musculacao;C;baixa;5;Treino C (Pernas Completo)
50;F;67;155;avancado;resistencia;C;moderada;4;Treino C (Pernas Completo)
44;M;72;197;intermediario;musculacao;A;moderada;5;Treino A (Peito, Tríceps, Ombro)
39;M;89;196;intermediario;emagrecimento;A;moderada;4;Treino A (Peito, Tríceps, Ombro)
50;F;74;174;intermediario;emagrecimento;A;baixa;6;Treino A (Peito, Tríceps, Ombro)
70;M;124;177;iniciante;resistencia;B;moderada;4;Treino B (Costas, Bíceps, Abdômen)
40;M;118;172;intermediario;emagrecimento;B;moderada;6;Treino B (Costas, Bíceps, Abdômen)
62;M;60;168;iniciante;resistencia;A;baixa;5;Treino A (Peito, Tríceps, Ombro)
22;F;79;155;intermediario;resistencia;C;moderada;4;Treino C (Pernas Completo)
71;F;62;160;intermediario;emagrecimento;A;alta;1;Treino A (Peito, Tríceps, Ombro)
70;F;82;150;iniciante;musculacao;C;moderada;4;Treino C (Pernas Completo)
44;M;116;173;intermediario;musculacao;A;alta;3;Treino A (Peito, Tríceps, Ombro)
38;M;87;200;avancado;resistencia;C;moderada;6;Treino C (Pernas Completo)
29;F;90;174;avancado;emagrecimento;B;alta;4;Treino B (Costas, Bíceps, Abdômen)
45;F;85;153;iniciante;musculacao;A;moderada;6;Treino A (Peito, Tríceps, Ombro)
66;F;85;151;avancado;resistencia;A;moderada;4;Treino A (Peito, Tríceps, Ombro)
36;F;70;153;avancado;reabilitacao;D;baixa;5;Treino D (Funcional / Reabilitação)
34;F;67;150;iniciante;reabilitacao;D;baixa;6;Treino D (Funcional / Reabilitação)
71;M;83;168;intermediario;reabilitacao;D;baixa;5;Treino D (Funcional / Reabilitação)
69;F;88;153;iniciante;resistencia;A;moderada;6;Treino A (Peito, Tríceps, Ombro)
34;F;65;167;intermediario;musculacao;C;moderada;4;Treino C (Pernas Completo)
65;F;53;165;intermediario;musculacao;B;moderada;6;Treino B (Costas, Bíceps, Abdômen)
54;F;82;180;avancado;musculacao;A;alta;1;Treino A (Peito, Tríceps, Ombro)
74;F;74;159;intermediario;musculacao;A;moderada;5;Treino A (Peito, Tríceps, Ombro)
67;M;72;189;intermediario;resistencia;B;alta;2;Treino B (Costas, Bíceps, Abdômen)
47;F;88;167;intermediario;reabilitacao;D;baixa;5;Treino D (Funcional / Reabilitação)
74;F;79;171;avancado;musculacao;C;alta;3;Treino C (Pernas Completo)
73;M;123;183;intermediario;emagrecimento;B;moderada;4;Treino B (Costas, Bíceps, Abdômen)
55;M;75;168;intermediario;emagrecimento;C;alta;4;Treino C (Pernas Completo)
47;F;59;166;avancado;musculacao;A;moderada;6;Treino A (Peito, Tríceps, Ombro)
65;F;50;176;intermediario;emagrecimento;C;alta;1;Treino C (Pernas Completo)
17;F;70;155;iniciante;resistencia;B;moderada;5;Treino B (Costas, Bíceps, Abdômen)
63;F;48;161;avancado;reabilitacao;D;baixa;5;Treino D (Funcional / Reabilitação)
29;F;59;175;intermediario;musculacao;A;moderada;5;Treino A (Peito, Tríceps, Ombro)
30;M;114;177;intermediario;resistencia;A;baixa;6;Treino A (Peito, Tríceps, Ombro)
29;M;123;191;intermediario;reabilitacao;D;baixa;5;Treino D (Funcional / Reabilitação)
22;M;102;191;intermediario;musculacao;A;moderada;4;Treino A (Peito, Tríceps, Ombro)
59;M;81;200;iniciante;musculacao;B;moderada;5;Treino B (Costas, Bíceps, Abdômen)
67;M;77;173;intermediario;musculacao;C;moderada;4;Treino C (Pernas Completo)
33;F;45;174;intermediario;resistencia;A;moderada;4;Treino A (Peito, Tríceps, Ombro)
71;M;63;178;iniciante;musculacao;A;moderada;6;Treino A (Peito, Tríceps, Ombro)
31;M;85;175;iniciante;emagrecimento;C;moderada;6;Treino C (Pernas Completo)
26;F;79;164;iniciante;reabilitacao;D;baixa;6;Treino D (Funcional / Reabilitação)
18;F;87;165;avancado;resistencia;B;moderada;4;Treino B (Costas, Bíceps, Abdômen)
19;M;68;186;iniciante;reabilitacao;D;baixa;6;Treino D (Funcional / Reabilitação)
52;F;78;177;intermediario;reabilitacao;D;baixa;6;Treino D (Funcional / Reabilitação)
29;F;58;153;iniciante;reabilitacao;D;baixa;6;Treino D (Funcional / Reabilitação)
43;F;70;154;intermediario;musculacao;C;alta;4;Treino C (Pernas Completo)
32;M;103;172;iniciante;resistencia;A;baixa;5;Treino A (Peito, Tríceps, Ombro)
60;F;75;174;avancado;musculacao;A;moderada;4;Treino A (Peito, Tríceps, Ombro)
38;F;59;172;intermediario;resistencia;A;moderada;4;Treino A (Peito, Tríceps, Ombro)
35;F;69;178;avancado;emagrecimento;C;moderada;4;Treino C (Pernas Completo)
30;M;62;178;intermediario;musculacao;C;alta;2;Treino C (Pernas Completo)
57;F;65;163;avancado;emagrecimento;B;moderada;6;Treino B (Costas, Bíceps, Abdômen)
16;F;76;152;avancado;musculacao;C;moderada;6;Treino C (Pernas Completo)
28;M;64;168;intermediario;musculacao;C;moderada;5;Treino C (Pernas Completo)
31;M;102;193;intermediario;reabilitacao;D;baixa;6;Treino D (Funcional / Reabilitação)
61;M;82;178;intermediario;resistencia;A;alta;3;Treino A (Peito, Tríceps, Ombro)
70;M;61;169;avancado;reabilitacao;D;baixa;6;Treino D (Funcional / Reabilitação)
21;F;60;172;iniciante;emagrecimento;A;moderada;4;Treino A (Peito, Tríceps, Ombro)
58;F;59;165;iniciante;emagrecimento;A;moderada;4;Treino A (Peito, Tríceps, Ombro)
75;F;51;173;avancado;musculacao;A;alta;4;Treino A (Peito, Tríceps, Ombro)
48;F;87;180;intermediario;resistencia;B;baixa;6;Treino B (Costas, Bíceps, Abdômen)
57;F;65;168;iniciante;musculacao;B;baixa;5;Treino B (Costas, Bíceps, Abdômen)
29;F;79;163;iniciante;musculacao;B;baixa;5;Treino B (Costas, Bíceps, Abdômen)
41;F;70;180;intermediario;resistencia;B;alta;2;Treino B (Costas, Bíceps, Abdômen)
74;M;95;168;iniciante;reabilitacao;D;baixa;6;Treino D (Funcional / Reabilitação)
19;M;77;183;iniciante;resistencia;C;baixa;6;Treino C (Pernas Completo)
52;M;77;200;intermediario;musculacao;A;moderada;4;Treino A (Peito, Tríceps, Ombro)
60;M;103;168;intermediario;reabilitacao;D;baixa;6;Treino D (Funcional / Reabilitação)
20;M;86;181;iniciante;resistencia;C;baixa;6;Treino C (Pernas Completo)
74;F;64;178;avancado;reabilitacao;D;baixa;5;Treino D (Funcional / Reabilitação)
53;M;92;174;avancado;reabilitacao;D;baixa;6;Treino D (Funcional / Reabilitação)
18;F;46;166;iniciante;musculacao;A;moderada;5;Treino A (Peito, Tríceps, Ombro)
29;F;75;165;avancado;emagrecimento;B;moderada;4;Treino B (Costas, Bíceps, Abdômen)
34;M;117;171;iniciante;musculacao;A;baixa;5;Treino A (Peito, Tríceps, Ombro)
55;M;94;165;avancado;musculacao;C;alta;3;Treino C (Pernas Completo)
48;M;101;190;intermediario;resistencia;B;moderada;6;Treino B (Costas, Bíceps, Abdômen)
69;M;82;166;intermediario;reabilitacao;D;baixa;5;Treino D (Funcional / Reabilitação)
25;F;48;155;avancado;emagrecimento;A;moderada;5;Treino A (Peito, Tríceps, Ombro)
32;M;76;172;avancado;musculacao;B;moderada;4;Treino B (Costas, Bíceps, Abdômen)
68;F;60;176;iniciante;resistencia;C;baixa;6;Treino C (Pernas Completo)
16;F;59;161;intermediario;emagrecimento;C;moderada;6;Treino C (Pernas Completo)
36;M;112;198;avancado;resistencia;C;moderada;6;Treino C (Pernas Completo)
44;M;95;169;avancado;musculacao;A;alta;2;Treino A (Peito, Tríceps, Ombro)
72;M;108;169;iniciante;reabilitacao;D;baixa;5;Treino D (Funcional / Reabilitação)
23;F;77;164;avancado;resistencia;B;moderada;6;Treino B (Costas, Bíceps, Abdômen)
58;F;80;154;iniciante;reabilitacao;D;baixa;6;Treino D (Funcional / Reabilitação)
54;M;113;177;intermediario;reabilitacao;D;baixa;6;Treino D (Funcional / Reabilitação)
34;M;64;185;intermediario;resistencia;C;alta;3;Treino C (Pernas Completo)
75;M;118;181;intermediario;reabilitacao;D;baixa;6;Treino D (Funcional / Reabilitação)
71;F;73;164;intermediario;musculacao;C;moderada;6;Treino C (Pernas Completo)
62;M;85;190;intermediario;musculacao;A;moderada;5;Treino A (Peito, Tríceps, Ombro)
19;F;48;150;intermediario;reabilitacao;D;baixa;6;Treino D (Funcional / Reabilitação)
49;M;118;177;intermediario;emagrecimento;B;baixa;5;Treino B (Costas, Bíceps, Abdômen)
74;M;119;181;avancado;resistencia;C;alta;2;Treino C (Pernas Completo)
66;F;87;155;iniciante;emagrecimento;B;baixa;6;Treino B (Costas, Bíceps, Abdômen)
19;F;70;157;avancado;musculacao;B;alta;1;Treino B (Costas, Bíceps, Abdômen)
29;M;89;198;iniciante;reabilitacao;D;baixa;6;Treino D (Funcional / Reabilitação)
55;M;108;170;avancado;emagrecimento;B;moderada;4;Treino B (Costas, Bíceps, Abdômen)
62;F;76;165;iniciante;reabilitacao;D;baixa;5;Treino D (Funcional / Reabilitação)
75;M;83;194;iniciante;resistencia;C;moderada;5;Treino C (Pernas Completo)
45;M;97;185;avancado;reabilitacao;D;baixa;5;Treino D (Funcional / Reabilitação)
26;F;67;166;intermediario;resistencia;C;moderada;4;Treino C (Pernas Completo)
32;M;75;184;iniciante;musculacao;B;baixa;6;Treino B (Costas, Bíceps, Abdômen)
32;F;79;169;intermediario;emagrecimento;A;moderada;4;Treino A (Peito, Tríceps, Ombro)
33;M;78;178;iniciante;reabilitacao;D;baixa;6;Treino D (Funcional / Reabilitação)
30;M;79;172;avancado;resistencia;C;moderada;6;Treino C (Pernas Completo)
75;M;95;184;iniciante;reabilitacao;D;baixa;6;Treino D (Funcional / Reabilitação)
68;M;110;168;intermediario;musculacao;B;alta;4;Treino B (Costas, Bíceps, Abdômen)
17;M;95;197;intermediario;emagrecimento;B;alta;4;Treino B (Costas, Bíceps, Abdômen)
57;M;63;199;iniciante;emagrecimento;A;baixa;6;Treino A (Peito, Tríceps, Ombro)
57;F;88;175;intermediario;resistencia;B;alta;2;Treino B (Costas, Bíceps, Abdômen)
73;F;64;168;intermediario;reabilitacao;D;baixa;6;Treino D (Funcional / Reabilitação)
17;F;89;155;iniciante;resistencia;B;moderada;4;Treino B (Costas, Bíceps, Abdômen)
59;M;119;192;iniciante;reabilitacao;D;baixa;5;Treino D (Funcional / Reabilitação)
18;F;81;162;intermediario;musculacao;C;alta;2;Treino C (Pernas Completo)
54;M;69;196;intermediario;resistencia;B;moderada;6;Treino B (Costas, Bíceps, Abdômen)
27;M;91;177;avancado;emagrecimento;A;moderada;6;Treino A (Peito, Tríceps, Ombro)
35;F;87;168;iniciante;reabilitacao;D;baixa;5;Treino D (Funcional / Reabilitação)
37;F;77;160;avancado;emagrecimento;C;alta;2;Treino C (Pernas Completo)
54;F;76;157;iniciante;resistencia;C;baixa;5;Treino C (Pernas Completo)
41;F;46;151;intermediario;emagrecimento;A;baixa;5;Treino A (Peito, Tríceps, Ombro)
17;M;113;170;avancado;musculacao;A;alta;4;Treino A (Peito, Tríceps, Ombro)
65;M;124;181;intermediario;resistencia;A;moderada;4;Treino A (Peito, Tríceps, Ombro)
62;M;84;187;iniciante;resistencia;A;moderada;6;Treino A (Peito, Tríceps, Ombro)
36;M;106;176;iniciante;resistencia;A;baixa;6;Treino A (Peito, Tríceps, Ombro)
25;F;63;172;avancado;emagrecimento;C;moderada;5;Treino C (Pernas Completo)
50;M;84;182;iniciante;resistencia;C;baixa;5;Treino C (Pernas Completo)
58;M;117;180;iniciante;resistencia;A;baixa;5;Treino A (Peito, Tríceps, Ombro)
61;M;108;193;iniciante;musculacao;C;baixa;5;Treino C (Pernas Completo)
74;F;46;151;avancado;resistencia;A;alta;4;Treino A (Peito, Tríceps, Ombro)
30;M;109;190;intermediario;resistencia;B;moderada;5;Treino B (Costas, Bíceps, Abdômen)
39;M;118;199;iniciante;emagrecimento;A;moderada;5;Treino A (Peito, Tríceps, Ombro)
36;F;58;153;intermediario;reabilitacao;D;baixa;6;Treino D (Funcional / Reabilitação)
32;F;69;168;avancado;resistencia;A;alta;2;Treino A (Peito, Tríceps, Ombro)
55;M;119;183;intermediario;musculacao;C;moderada;6;Treino C (Pernas Completo)
28;M;125;166;avancado;emagrecimento;A;moderada;6;Treino A (Peito, Tríceps, Ombro)
41;F;52;180;avancado;musculacao;B;alta;4;Treino B (Costas, Bíceps, Abdômen)
40;F;77;174;avancado;reabilitacao;D;baixa;5;Treino D (Funcional / Reabilitação)
20;M;118;194;iniciante;resistencia;A;baixa;5;Treino A (Peito, Tríceps, Ombro)
46;M;67;191;iniciante;musculacao;B;baixa;6;Treino B (Costas, Bíceps, Abdômen)
54;M;64;174;intermediario;reabilitacao;D;baixa;6;Treino D (Funcional / Reabilitação)
66;M;65;165;avancado;resistencia;C;moderada;4;Treino C (Pernas Completo)
32;F;57;151;iniciante;musculacao;B;baixa;6;Treino B (Costas, Bíceps, Abdômen)
67;F;88;179;iniciante;emagrecimento;B;moderada;4;Treino B (Costas, Bíceps, Abdômen)
43;F;90;159;intermediario;emagrecimento;A;moderada;6;Treino A (Peito, Tríceps, Ombro)
55;M;64;172;avancado;emagrecimento;B;moderada;5;Treino B (Costas, Bíceps, Abdômen)
72;F;54;179;avancado;reabilitacao;D;baixa;5;Treino D (Funcional / Reabilitação)
31;F;60;167;avancado;musculacao;B;alta;3;Treino B (Costas, Bíceps, Abdômen)
47;M;103;199;avancado;resistencia;C;alta;1;Treino C (Pernas Completo)
59;M;83;166;avancado;reabilitacao;D;baixa;6;Treino D (Funcional / Reabilitação)
23;M;103;172;intermediario;resistencia;B;moderada;4;Treino B (Costas, Bíceps, Abdômen)
49;M;116;172;intermediario;emagrecimento;C;alta;4;Treino C (Pernas Completo)
23;M;62;166;avancado;resistencia;B;moderada;6;Treino B (Costas, Bíceps, Abdômen)
69;M;96;195;intermediario;emagrecimento;A;moderada;4;Treino A (Peito, Tríceps, Ombro)
43;F;72;161;intermediario;emagrecimento;B;baixa;6;Treino B (Costas, Bíceps, Abdômen)
67;M;91;173;iniciante;musculacao;B;moderada;6;Treino B (Costas, Bíceps, Abdômen)
43;M;77;196;intermediario;musculacao;A;moderada;5;Treino A (Peito, Tríceps, Ombro)
42;F;67;156;intermediario;resistencia;C;moderada;4;Treino C (Pernas Completo)
37;M;122;193;avancado;reabilitacao;D;baixa;6;Treino D (Funcional / Reabilitação)
55;M;109;167;iniciante;musculacao;A;moderada;6;Treino A (Peito, Tríceps, Ombro)
59;M;104;190;avancado;resistencia;B;moderada;5;Treino B (Costas, Bíceps, Abdômen)
75;M;124;191;avancado;emagrecimento;C;moderada;6;Treino C (Pernas Completo)
45;M;98;180;avancado;musculacao;B;alta;3;Treino B (Costas, Bíceps, Abdômen)
52;F;89;170;iniciante;emagrecimento;B;moderada;4;Treino B (Costas, Bíceps, Abdômen)
25;M;125;174;iniciante;musculacao;C;baixa;5;Treino C (Pernas Completo)
32;M;66;181;intermediario;musculacao;C;moderada;6;Treino C (Pernas Completo)
61;M;65;179;avancado;emagrecimento;A;alta;2;Treino A (Peito, Tríceps, Ombro)
21;M;94;182;intermediario;emagrecimento;B;alta;4;Treino B (Costas, Bíceps, Abdômen)
43;M;66;171;intermediario;resistencia;C;alta;4;Treino C (Pernas Completo)
40;F;80;166;avancado;musculacao;B;alta;4;Treino B (Costas, Bíceps, Abdômen)
74;M;89;193;iniciante;emagrecimento;A;baixa;6;Treino A (Peito, Tríceps, Ombro)
54;M;108;198;avancado;reabilitacao;D;baixa;5;Treino D (Funcional / Reabilitação)
58;M;115;177;intermediario;resistencia;C;moderada;5;Treino C (Pernas Completo)
27;M;87;174;iniciante;resistencia;B;moderada;5;Treino B (Costas, Bíceps, Abdômen)
49;F;67;161;iniciante;resistencia;A;baixa;6;Treino A (Peito, Tríceps, Ombro)
45;M;101;167;avancado;resistencia;B;moderada;4;Treino B (Costas, Bíceps, Abdômen)
38;F;82;150;avancado;resistencia;A;moderada;6;Treino A (Peito, Tríceps, Ombro)
63;F;76;159;iniciante;musculacao;A;baixa;5;Treino A (Peito, Tríceps, Ombro)
70;F;60;178;iniciante;resistencia;C;baixa;6;Treino C (Pernas Completo)
58;F;79;163;intermediario;resistencia;C;baixa;5;Treino C (Pernas Completo)
51;F;81;161;avancado;reabilitacao;D;baixa;5;Treino D (Funcional / Reabilitação)
69;M;103;171;intermediario;musculacao;C;alta;4;Treino C (Pernas Completo)
75;F;67;173;intermediario;emagrecimento;A;moderada;4;Treino A (Peito, Tríceps, Ombro)
26;F;72;174;avancado;emagrecimento;C;alta;2;Treino C (Pernas Completo)
32;M;77;195;iniciante;musculacao;A;baixa;6;Treino A (Peito, Tríceps, Ombro)
72;M;118;196;iniciante;reabilitacao;D;baixa;5;Treino D (Funcional / Reabilitação)
66;F;45;171;intermediario;reabilitacao;D;baixa;6;Treino D (Funcional / Reabilitação)
53;F;60;159;avancado;resistencia;C;moderada;6;Treino C (Pernas Completo)
66;M;86;189;iniciante;musculacao;C;baixa;5;Treino C (Pernas Completo)
20;M;123;179;avancado;reabilitacao;D;baixa;6;Treino D (Funcional / Reabilitação)
47;M;87;193;intermediario;emagrecimento;B;moderada;5;Treino B (Costas, Bíceps, Abdômen)
41;F;51;166;avancado;emagrecimento;A;moderada;5;Treino A (Peito, Tríceps, Ombro)
35;M;62;174;avancado;reabilitacao;D;baixa;5;Treino D (Funcional / Reabilitação)
32;F;73;165;iniciante;reabilitacao;D;baixa;5;Treino D (Funcional / Reabilitação)
63;F;64;153;iniciante;musculacao;C;moderada;4;Treino C (Pernas Completo)
53;M;66;188;avancado;musculacao;C;alta;1;Treino C (Pernas Completo)
49;M;104;193;intermediario;musculacao;C;alta;3;Treino C (Pernas Completo)
59;F;87;166;intermediario;musculacao;B;alta;3;Treino B (Costas, Bíceps, Abdômen)
43;F;89;180;avancado;reabilitacao;D;baixa;6;Treino D (Funcional / Reabilitação)
67;M;108;195;iniciante;musculacao;A;moderada;6;Treino A (Peito, Tríceps, Ombro)
37;M;90;190;avancado;reabilitacao;D;baixa;5;Treino D (Funcional / Reabilitação)
59;F;74;150;intermediario;musculacao;A;alta;2;Treino A (Peito, Tríceps, Ombro)
22;M;95;167;iniciante;emagrecimento;C;baixa;6;Treino C (Pernas Completo)
24;F;47;150;intermediario;reabilitacao;D;baixa;5;Treino D (Funcional / Reabilitação)
57;F;50;156;iniciante;reabilitacao;D;baixa;6;Treino D (Funcional / Reabilitação)
61;M;108;168;avancado;musculacao;C;moderada;5;Treino C (Pernas Completo)
28;M;61;166;avancado;reabilitacao;D;baixa;6;Treino D (Funcional / Reabilitação)
40;F;82;170;avancado;resistencia;C;alta;4;Treino C (Pernas Completo)
21;M;123;173;intermediario;resistencia;C;moderada;5;Treino C (Pernas Completo)
58;M;116;185;avancado;musculacao;C;alta;3;Treino C (Pernas Completo)
65;F;64;150;iniciante;resistencia;B;baixa;5;Treino B (Costas, Bíceps, Abdômen)
68;F;87;158;intermediario;resistencia;C;moderada;6;Treino C (Pernas Completo)
18;F;59;171;avancado;emagrecimento;C;alta;4;Treino C (Pernas Completo)
36;M;94;192;intermediario;reabilitacao;D;baixa;6;Treino D (Funcional / Reabilitação)
19;F;50;159;intermediario;reabilitacao;D;baixa;6;Treino D (Funcional / Reabilitação)
41;M;81;188;avancado;emagrecimento;C;moderada;5;Treino C (Pernas Completo)
38;M;76;165;avancado;musculacao;B;moderada;5;Treino B (Costas, Bíceps, Abdômen)
21;M;87;195;intermediario;reabilitacao;D;baixa;5;Treino D (Funcional / Reabilitação)
38;F;56;155;avancado;musculacao;C;alta;2;Treino C (Pernas Completo)
60;F;65;157;iniciante;emagrecimento;C;moderada;5;Treino C (Pernas Completo)
69;F;76;150;intermediario;emagrecimento;C;baixa;5;Treino C (Pernas Completo)
36;M;96;184;avancado;resistencia;A;alta;3;Treino A (Peito, Tríceps, Ombro)
21;F;48;164;avancado;reabilitacao;D;baixa;6;Treino D (Funcional / Reabilitação)
40;F;51;155;iniciante;resistencia;A;baixa;5;Treino A (Peito, Tríceps, Ombro)
29;M;80;185;avancado;resistencia;A;alta;4;Treino A (Peito, Tríceps, Ombro)
50;F;58;180;iniciante;reabilitacao;D;baixa;5;Treino D (Funcional / Reabilitação)
37;F;54;150;intermediario;emagrecimento;A;baixa;5;Treino A (Peito, Tríceps, Ombro)
50;F;90;167;intermediario;emagrecimento;B;moderada;4;Treino B (Costas, Bíceps, Abdômen)
71;F;74;153;iniciante;emagrecimento;A;baixa;5;Treino A (Peito, Tríceps, Ombro)
35;F;60;161;iniciante;emagrecimento;B;baixa;5;Treino B (Costas, Bíceps, Abdômen)
17;M;62;199;avancado;reabilitacao;D;baixa;5;Treino D (Funcional / Reabilitação)
19;F;77;153;avancado;musculacao;B;alta;1;Treino B (Costas, Bíceps, Abdômen)
61;M;73;188;iniciante;reabilitacao;D;baixa;5;Treino D (Funcional / Reabilitação)
62;F;66;152;avancado;musculacao;C;moderada;5;Treino C (Pernas Completo)
23;M;69;187;avancado;resistencia;A;moderada;5;Treino A (Peito, Tríceps, Ombro)
73;M;122;167;iniciante;reabilitacao;D;baixa;5;Treino D (Funcional / Reabilitação)
70;F;87;178;iniciante;resistencia;A;moderada;5;Treino A (Peito, Tríceps, Ombro)
16;M;80;196;iniciante;emagrecimento;C;moderada;5;Treino C (Pernas Completo)
41;F;69;177;avancado;reabilitacao;D;baixa;5;Treino D (Funcional / Reabilitação)
22;F;55;155;iniciante;musculacao;C;baixa;6;Treino C (Pernas Completo)
45;M;66;196;avancado;emagrecimento;B;moderada;5;Treino B (Costas, Bíceps, Abdômen)
41;M;118;197;iniciante;resistencia;A;moderada;5;Treino A (Peito, Tríceps, Ombro)
69;F;83;157;avancado;musculacao;A;alta;4;Treino A (Peito, Tríceps, Ombro)
53;M;63;186;avancado;resistencia;B;alta;3;Treino B (Costas, Bíceps, Abdômen)
64;M;72;169;iniciante;resistencia;C;moderada;5;Treino C (Pernas Completo)
21;M;85;184;iniciante;musculacao;C;baixa;5;Treino C (Pernas Completo)
31;M;117;184;avancado;emagrecimento;A;moderada;5;Treino A (Peito, Tríceps, Ombro)
40;F;90;165;avancado;reabilitacao;D;baixa;6;Treino D (Funcional / Reabilitação)
26;M;60;195;iniciante;resistencia;C;baixa;6;Treino C (Pernas Completo)
20;M;81;165;intermediario;emagrecimento;C;alta;4;Treino C (Pernas Completo)
36;M;76;175;avancado;musculacao;C;alta;3;Treino C (Pernas Completo)
47;M;96;189;iniciante;resistencia;C;moderada;4;Treino C (Pernas Completo)
51;F;60;157;iniciante;reabilitacao;D;baixa;5;Treino D (Funcional / Reabilitação)
74;F;57;150;intermediario;reabilitacao;D;baixa;5;Treino D (Funcional / Reabilitação)
22;M;75;196;iniciante;musculacao;A;moderada;4;Treino A (Peito, Tríceps, Ombro)
72;M;89;187;avancado;resistencia;B;alta;1;Treino B (Costas, Bíceps, Abdômen)
70;F;58;151;intermediario;reabilitacao;D;baixa;5;Treino D (Funcional / Reabilitação)
71;M;107;172;iniciante;musculacao;A;moderada;4;Treino A (Peito, Tríceps, Ombro)
75;F;62;156;iniciante;musculacao;C;baixa;5;Treino C (Pernas Completo)
47;F;80;163;avancado;musculacao;B;alta;4;Treino B (Costas, Bíceps, Abdômen)
22;F;73;180;avancado;reabilitacao;D;baixa;5;Treino D (Funcional / Reabilitação)
69;M;81;190;iniciante;reabilitacao;D;baixa;5;Treino D (Funcional / Reabilitação)
40;M;75;187;avancado;musculacao;A;moderada;6;Treino A (Peito, Tríceps, Ombro)
24;M;83;196;iniciante;reabilitacao;D;baixa;5;Treino D (Funcional / Reabilitação)
57;M;80;193;iniciante;resistencia;C;baixa;6;Treino C (Pernas Completo)
45;M;95;172;iniciante;resistencia;A;moderada;5;Treino A (Peito, Tríceps, Ombro)
20;M;115;170;iniciante;emagrecimento;B;moderada;6;Treino B (Costas, Bíceps, Abdômen)
33;F;48;162;intermediario;emagrecimento;B;baixa;6;Treino B (Costas, Bíceps, Abdômen)
20;M;98;189;intermediario;reabilitacao;D;baixa;5;Treino D (Funcional / Reabilitação)
33;M;106;191;avancado;reabilitacao;D;baixa;5;Treino D (Funcional / Reabilitação)
72;F;64;159;iniciante;emagrecimento;A;moderada;4;Treino A (Peito, Tríceps, Ombro)
69;M;73;169;intermediario;resistencia;B;alta;4;Treino B (Costas, Bíceps, Abdômen)
72;M;87;191;intermediario;emagrecimento;B;alta;4;Treino B (Costas, Bíceps, Abdômen)
53;F;63;151;avancado;resistencia;B;alta;2;Treino B (Costas, Bíceps, Abdômen)
67;M;102;168;iniciante;musculacao;A;baixa;6;Treino A (Peito, Tríceps, Ombro)
40;F;86;174;avancado;emagrecimento;A;alta;4;Treino A (Peito, Tríceps, Ombro)
46;F;81;157;intermediario;emagrecimento;C;moderada;5;Treino C (Pernas Completo)
57;F;50;169;avancado;musculacao;B;alta;1;Treino B (Costas, Bíceps, Abdômen)
74;M;89;195;iniciante;reabilitacao;D;baixa;6;Treino D (Funcional / Reabilitação)
69;F;87;156;iniciante;musculacao;C;baixa;6;Treino C (Pernas Completo)
35;F;72;155;iniciante;resistencia;A;baixa;5;Treino A (Peito, Tríceps, Ombro)
44;M;73;194;iniciante;reabilitacao;D;baixa;5;Treino D (Funcional / Reabilitação)
73;M;77;171;iniciante;resistencia;A;baixa;5;Treino A (Peito, Tríceps, Ombro)
26;M;107;180;avancado;resistencia;C;moderada;4;Treino C (Pernas Completo)
34;F;89;175;iniciante;musculacao;A;baixa;6;Treino A (Peito, Tríceps, Ombro)
50;M;117;198;intermediario;emagrecimento;C;alta;3;Treino C (Pernas Completo)
43;M;64;180;avancado;reabilitacao;D;baixa;6;Treino D (Funcional / Reabilitação)
70;F;61;157;intermediario;resistencia;B;moderada;5;Treino B (Costas, Bíceps, Abdômen)
22;M;109;194;avancado;emagrecimento;B;alta;4;Treino B (Costas, Bíceps, Abdômen)
61;F;75;174;iniciante;resistencia;A;baixa;6;Treino A (Peito, Tríceps, Ombro)
40;F;59;178;avancado;musculacao;A;alta;2;Treino A (Peito, Tríceps, Ombro)
19;M;69;176;avancado;emagrecimento;A;moderada;4;Treino A (Peito, Tríceps, Ombro)
67;F;68;175;avancado;musculacao;B;alta;2;Treino B (Costas, Bíceps, Abdômen)
24;M;78;171;avancado;musculacao;B;alta;1;Treino B (Costas, Bíceps, Abdômen)
20;F;63;171;iniciante;emagrecimento;C;moderada;6;Treino C (Pernas Completo)
26;M;66;185;iniciante;emagrecimento;A;baixa;6;Treino A (Peito, Tríceps, Ombro)
73;F;80;169;iniciante;emagrecimento;C;baixa;5;Treino C (Pernas Completo)
21;F;68;168;intermediario;reabilitacao;D;baixa;6;Treino D (Funcional / Reabilitação)
21;M;76;170;avancado;emagrecimento;B;moderada;5;Treino B (Costas, Bíceps, Abdômen)
38;F;64;158;avancado;emagrecimento;A;alta;1;Treino A (Peito, Tríceps, Ombro)
70;F;61;166;avancado;musculacao;B;alta;2;Treino B (Costas, Bíceps, Abdômen)
17;M;81;171;iniciante;musculacao;A;moderada;5;Treino A (Peito, Tríceps, Ombro)
74;F;51;169;iniciante;emagrecimento;C;moderada;4;Treino C (Pernas Completo)
43;M;66;170;iniciante;resistencia;C;baixa;5;Treino C (Pernas Completo)
60;F;86;169;avancado;emagrecimento;C;moderada;5;Treino C (Pernas Completo)
24;F;77;177;iniciante;reabilitacao;D;baixa;5;Treino D (Funcional / Reabilitação)
51;M;111;176;intermediario;emagrecimento;A;baixa;6;Treino A (Peito, Tríceps, Ombro)
53;F;61;172;intermediario;resistencia;B;baixa;5;Treino B (Costas, Bíceps, Abdômen)
22;M;124;177;avancado;emagrecimento;A;moderada;5;Treino A (Peito, Tríceps, Ombro)
60;M;81;181;iniciante;musculacao;C;moderada;4;Treino C (Pernas Completo)
70;M;108;190;iniciante;resistencia;B;moderada;5;Treino B (Costas, Bíceps, Abdômen)
52;M;91;167;avancado;reabilitacao;D;baixa;5;Treino D (Funcional / Reabilitação)
41;F;56;152;intermediario;emagrecimento;C;moderada;4;Treino C (Pernas Completo)
35;F;55;155;intermediario;resistencia;A;baixa;6;Treino A (Peito, Tríceps, Ombro)
46;F;52;173;iniciante;emagrecimento;A;moderada;4;Treino A (Peito, Tríceps, Ombro)
65;F;84;168;iniciante;reabilitacao;D;baixa;6;Treino D (Funcional / Reabilitação)
50;M;80;168;intermediario;reabilitacao;D;baixa;6;Treino D (Funcional / Reabilitação)
54;M;118;172;iniciante;musculacao;C;moderada;4;Treino C (Pernas Completo)
52;M;114;180;iniciante;reabilitacao;D;baixa;5;Treino D (Funcional / Reabilitação)
29;F;75;166;intermediario;musculacao;C;moderada;6;Treino C (Pernas Completo)
71;M;76;168;intermediario;emagrecimento;B;alta;4;Treino B (Costas, Bíceps, Abdômen)
70;M;75;197;intermediario;musculacao;A;alta;2;Treino A (Peito, Tríceps, Ombro)
68;F;80;171;iniciante;emagrecimento;C;moderada;4;Treino C (Pernas Completo)
31;F;51;154;avancado;emagrecimento;B;alta;2;Treino B (Costas, Bíceps, Abdômen)
55;F;58;161;intermediario;musculacao;B;moderada;6;Treino B (Costas, Bíceps, Abdômen)
34;F;83;152;avancado;musculacao;C;moderada;4;Treino C (Pernas Completo)
55;M;100;166;avancado;emagrecimento;C;moderada;4;Treino C (Pernas Completo)
23;F;72;156;intermediario;resistencia;C;alta;2;Treino C (Pernas Completo)
42;F;75;162;iniciante;reabilitacao;D;baixa;5;Treino D (Funcional / Reabilitação)
22;F;58;151;iniciante;emagrecimento;A;moderada;4;Treino A (Peito, Tríceps, Ombro)
67;F;51;152;intermediario;resistencia;A;baixa;5;Treino A (Peito, Tríceps, Ombro)
61;M;85;192;iniciante;reabilitacao;D;baixa;5;Treino D (Funcional / Reabilitação)
53;M;120;170;avancado;resistencia;B;alta;2;Treino B (Costas, Bíceps, Abdômen)
50;M;67;176;avancado;musculacao;A;alta;2;Treino A (Peito, Tríceps, Ombro)
57;M;111;171;iniciante;reabilitacao;D;baixa;6;Treino D (Funcional / Reabilitação)
42;F;76;178;intermediario;resistencia;A;baixa;6;Treino A (Peito, Tríceps, Ombro)
61;M;60;191;intermediario;emagrecimento;A;alta;4;Treino A (Peito, Tríceps, Ombro)
42;M;70;197;intermediario;reabilitacao;D;baixa;6;Treino D (Funcional / Reabilitação)
64;F;85;167;iniciante;resistencia;C;baixa;6;Treino C (Pernas Completo)
21;M;68;183;iniciante;emagrecimento;B;baixa;6;Treino B (Costas, Bíceps, Abdômen)
23;F;72;162;iniciante;emagrecimento;B;moderada;6;Treino B (Costas, Bíceps, Abdômen)
19;M;124;199;intermediario;resistencia;C;moderada;6;Treino C (Pernas Completo)
47;M;89;199;iniciante;resistencia;A;baixa;5;Treino A (Peito, Tríceps, Ombro)
37;F;63;157;iniciante;emagrecimento;A;moderada;5;Treino A (Peito, Tríceps, Ombro)
74;M;109;183;intermediario;musculacao;A;moderada;6;Treino A (Peito, Tríceps, Ombro)
17;M;93;171;avancado;reabilitacao;D;baixa;6;Treino D (Funcional / Reabilitação)
35;M;125;168;iniciante;emagrecimento;A;baixa;6;Treino A (Peito, Tríceps, Ombro)
63;M;98;180;intermediario;reabilitacao;D;baixa;5;Treino D (Funcional / Reabilitação)
69;F;76;164;iniciante;musculacao;B;moderada;4;Treino B (Costas, Bíceps, Abdômen)
36;M;114;170;avancado;musculacao;C;alta;2;Treino C (Pernas Completo)
58;M;107;192;iniciante;musculacao;A;moderada;4;Treino A (Peito, Tríceps, Ombro)
61;F;73;156;avancado;musculacao;A;alta;3;Treino A (Peito, Tríceps, Ombro)
53;M;75;168;avancado;resistencia;B;moderada;6;Treino B (Costas, Bíceps, Abdômen)
75;F;70;151;avancado;reabilitacao;D;baixa;6;Treino D (Funcional / Reabilitação)
36;M;100;196;iniciante;resistencia;A;baixa;5;Treino A (Peito, Tríceps, Ombro)
25;F;59;176;intermediario;emagrecimento;C;baixa;5;Treino C (Pernas Completo)
17;M;80;170;intermediario;musculacao;C;alta;1;Treino C (Pernas Completo)
18;F;47;151;iniciante;resistencia;B;moderada;4;Treino B (Costas, Bíceps, Abdômen)
22;M;80;195;avancado;resistencia;A;alta;4;Treino A (Peito, Tríceps, Ombro)
27;M;100;190;intermediario;reabilitacao;D;baixa;6;Treino D (Funcional / Reabilitação)
23;M;122;194;intermediario;resistencia;C;baixa;6;Treino C (Pernas Completo)
35;M;100;192;avancado;reabilitacao;D;baixa;6;Treino D (Funcional / Reabilitação)
16;F;60;168;iniciante;emagrecimento;A;moderada;5;Treino A (Peito, Tríceps, Ombro)
67;F;84;173;intermediario;musculacao;A;alta;2;Treino A (Peito, Tríceps, Ombro)
64;F;55;164;intermediario;musculacao;C;moderada;4;Treino C (Pernas Completo)
27;F;51;157;iniciante;musculacao;A;moderada;4;Treino A (Peito, Tríceps, Ombro)
67;M;113;183;iniciante;reabilitacao;D;baixa;6;Treino D (Funcional / Reabilitação)
25;M;78;169;avancado;emagrecimento;C;alta;1;Treino C (Pernas Completo)
24;F;57;173;intermediario;reabilitacao;D;baixa;5;Treino D (Funcional / Reabilitação)
59;M;122;179;intermediario;emagrecimento;A;moderada;4;Treino A (Peito, Tríceps, Ombro)
16;M;124;198;iniciante;musculacao;B;moderada;4;Treino B (Costas, Bíceps, Abdômen)
24;M;111;174;iniciante;resistencia;B;baixa;6;Treino B (Costas, Bíceps, Abdômen)
75;F;45;161;avancado;emagrecimento;B;moderada;4;Treino B (Costas, Bíceps, Abdômen)
31;M;107;166;avancado;musculacao;A;alta;2;Treino A (Peito, Tríceps, Ombro)
45;F;80;175;intermediario;reabilitacao;D;baixa;5;Treino D (Funcional / Reabilitação)
67;F;65;169;iniciante;reabilitacao;D;baixa;5;Treino D (Funcional / Reabilitação)
25;M;68;173;avancado;reabilitacao;D;baixa;6;Treino D (Funcional / Reabilitação)
45;F;53;170;iniciante;emagrecimento;B;baixa;6;Treino B (Costas, Bíceps, Abdômen)
17;F;87;170;iniciante;emagrecimento;C;moderada;4;Treino C (Pernas Completo)
26;F;79;153;intermediario;musculacao;B;moderada;4;Treino B (Costas, Bíceps, Abdômen)
52;M;104;166;intermediario;reabilitacao;D;baixa;5;Treino D (Funcional / Reabilitação)
44;F;75;178;avancado;musculacao;A;alta;4;Treino A (Peito, Tríceps, Ombro)
64;M;81;166;iniciante;reabilitacao;D;baixa;5;Treino D (Funcional / Reabilitação)
38;F;84;175;intermediario;reabilitacao;D;baixa;6;Treino D (Funcional / Reabilitação)
70;M;97;181;iniciante;resistencia;C;moderada;6;Treino C (Pernas Completo)
69;M;106;185;avancado;resistencia;A;alta;1;Treino A (Peito, Tríceps, Ombro)
69;M;60;170;intermediario;emagrecimento;A;alta;3;Treino A (Peito, Tríceps, Ombro)
68;F;45;180;avancado;musculacao;C;alta;3;Treino C (Pernas Completo)
41;M;79;177;iniciante;reabilitacao;D;baixa;5;Treino D (Funcional / Reabilitação)
55;M;113;189;avancado;resistencia;C;alta;1;Treino C (Pernas Completo)
45;M;66;195;intermediario;musculacao;C;alta;2;Treino C (Pernas Completo)
63;M;113;186;intermediario;musculacao;B;alta;2;Treino B (Costas, Bíceps, Abdômen)
25;M;84;190;intermediario;resistencia;C;moderada;5;Treino C (Pernas Completo)
51;M;118;169;intermediario;emagrecimento;A;moderada;4;Treino A (Peito, Tríceps, Ombro)
19;F;81;155;intermediario;musculacao;B;moderada;5;Treino B (Costas, Bíceps, Abdômen)
65;F;88;154;intermediario;resistencia;A;moderada;4;Treino A (Peito, Tríceps, Ombro)
53;M;62;173;avancado;emagrecimento;C;moderada;5;Treino C (Pernas Completo)
17;F;64;154;iniciante;emagrecimento;B;moderada;5;Treino B (Costas, Bíceps, Abdômen)
72;F;60;168;iniciante;resistencia;A;baixa;6;Treino A (Peito, Tríceps, Ombro)
60;M;112;197;intermediario;emagrecimento;A;moderada;4;Treino A (Peito, Tríceps, Ombro)
24;F;45;177;intermediario;resistencia;C;moderada;6;Treino C (Pernas Completo)
42;M;100;189;iniciante;musculacao;C;moderada;5;Treino C (Pernas Completo)
38;F;55;152;intermediario;resistencia;B;moderada;6;Treino B (Costas, Bíceps, Abdômen)
26;M;102;173;avancado;resistencia;C;alta;3;Treino C (Pernas Completo)
33;M;123;169;iniciante;emagrecimento;A;baixa;6;Treino A (Peito, Tríceps, Ombro)
20;M;60;171;iniciante;resistencia;A;moderada;4;Treino A (Peito, Tríceps, Ombro)
64;F;74;160;intermediario;reabilitacao;D;baixa;5;Treino D (Funcional / Reabilitação)
63;F;64;175;iniciante;emagrecimento;C;moderada;6;Treino C (Pernas Completo)
24;M;89;173;iniciante;emagrecimento;C;baixa;5;Treino C (Pernas Completo)
16;M;82;185;intermediario;musculacao;A;moderada;4;Treino A (Peito, Tríceps, Ombro)
49;F;78;166;intermediario;emagrecimento;A;moderada;6;Treino A (Peito, Tríceps, Ombro)
46;M;74;191;iniciante;musculacao;A;moderada;6;Treino A (Peito, Tríceps, Ombro)
40;F;90;176;avancado;resistencia;C;moderada;6;Treino C (Pernas Completo)
75;M;117;177;avancado;musculacao;A;alta;3;Treino A (Peito, Tríceps, Ombro)
34;M;63;199;iniciante;reabilitacao;D;baixa;5;Treino D (Funcional / Reabilitação)
50;F;62;161;avancado;emagrecimento;C;moderada;4;Treino C (Pernas Completo)
17;M;109;200;iniciante;musculacao;A;moderada;5;Treino A (Peito, Tríceps, Ombro)
25;M;74;192;avancado;resistencia;C;alta;4;Treino C (Pernas Completo)
17;F;53;175;avancado;resistencia;B;moderada;6;Treino B (Costas, Bíceps, Abdômen)
41;M;66;171;intermediario;reabilitacao;D;baixa;6;Treino D (Funcional / Reabilitação)
22;M;75;176;avancado;reabilitacao;D;baixa;6;Treino D (Funcional / Reabilitação)
37;M;78;172;avancado;reabilitacao;D;baixa;6;Treino D (Funcional / Reabilitação)
74;M;105;169;iniciante;musculacao;B;baixa;6;Treino B (Costas, Bíceps, Abdômen)
53;M;74;196;iniciante;resistencia;B;moderada;6;Treino B (Costas, Bíceps, Abdômen)
64;M;66;188;intermediario;resistencia;A;alta;1;Treino A (Peito, Tríceps, Ombro)
55;F;48;158;avancado;musculacao;A;moderada;4;Treino A (Peito, Tríceps, Ombro)
41;M;120;186;iniciante;emagrecimento;B;moderada;6;Treino B (Costas, Bíceps, Abdômen)
30;M;125;191;intermediario;resistencia;B;moderada;5;Treino B (Costas, Bíceps, Abdômen)
54;F;86;167;intermediario;emagrecimento;A;alta;2;Treino A (Peito, Tríceps, Ombro)
46;F;79;168;iniciante;emagrecimento;C;moderada;5;Treino C (Pernas Completo)
32;M;83;190;avancado;musculacao;A;moderada;6;Treino A (Peito, Tríceps, Ombro)
36;F;49;171;iniciante;musculacao;B;moderada;6;Treino B (Costas, Bíceps, Abdômen)
67;M;78;170;intermediario;reabilitacao;D;baixa;6;Treino D (Funcional / Reabilitação)
31;F;80;170;iniciante;resistencia;A;moderada;5;Treino A (Peito, Tríceps, Ombro)
55;F;83;161;iniciante;musculacao;C;baixa;6;Treino C (Pernas Completo)
42;F;59;164;iniciante;emagrecimento;A;baixa;5;Treino A (Peito, Tríceps, Ombro)
34;M;112;192;avancado;reabilitacao;D;baixa;6;Treino D (Funcional / Reabilitação)
70;F;77;174;intermediario;reabilitacao;D;baixa;6;Treino D (Funcional / Reabilitação)
30;F;90;163;intermediario;emagrecimento;C;moderada;4;Treino C (Pernas Completo)
47;M;74;191;avancado;resistencia;B;moderada;5;Treino B (Costas, Bíceps, Abdômen)
29;M;109;191;avancado;resistencia;A;alta;2;Treino A (Peito, Tríceps, Ombro)
71;F;51;161;avancado;reabilitacao;D;baixa;6;Treino D (Funcional / Reabilitação)
67;M;61;171;avancado;reabilitacao;D;baixa;6;Treino D (Funcional / Reabilitação)
35;M;107;174;iniciante;emagrecimento;B;moderada;6;Treino B (Costas, Bíceps, Abdômen)
16;M;115;174;avancado;emagrecimento;A;alta;1;Treino A (Peito, Tríceps, Ombro)
71;F;81;151;intermediario;emagrecimento;B;moderada;6;Treino B (Costas, Bíceps, Abdômen)
53;F;68;153;iniciante;musculacao;C;moderada;6;Treino C (Pernas Completo)
23;F;57;163;intermediario;emagrecimento;A;baixa;5;Treino A (Peito, Tríceps, Ombro)
19;F;54;157;avancado;emagrecimento;C;moderada;5;Treino C (Pernas Completo)
61;F;90;151;iniciante;musculacao;C;baixa;6;Treino C (Pernas Completo)
47;M;74;176;intermediario;musculacao;A;moderada;5;Treino A (Peito, Tríceps, Ombro)
72;M;98;186;intermediario;emagrecimento;C;baixa;5;Treino C (Pernas Completo)
31;F;64;171;intermediario;emagrecimento;B;baixa;6;Treino B (Costas, Bíceps, Abdômen)
73;F;54;180;avancado;reabilitacao;D;baixa;5;Treino D (Funcional / Reabilitação)
68;M;107;179;iniciante;reabilitacao;D;baixa;6;Treino D (Funcional / Reabilitação)
68;F;47;177;iniciante;resistencia;C;moderada;4;Treino C (Pernas Completo)
60;M;124;187;intermediario;reabilitacao;D;baixa;5;Treino D (Funcional / Reabilitação)
73;M;81;170;iniciante;emagrecimento;A;moderada;5;Treino A (Peito, Tríceps, Ombro)
51;M;64;190;intermediario;musculacao;C;alta;2;Treino C (Pernas Completo)
44;F;71;156;intermediario;emagrecimento;A;baixa;6;Treino A (Peito, Tríceps, Ombro)
44;F;70;180;iniciante;musculacao;A;baixa;5;Treino A (Peito, Tríceps, Ombro)
54;F;85;155;intermediario;resistencia;A;baixa;6;Treino A (Peito, Tríceps, Ombro)
30;F;58;150;intermediario;musculacao;B;alta;1;Treino B (Costas, Bíceps, Abdômen)
73;F;88;164;iniciante;emagrecimento;C;moderada;5;Treino C (Pernas Completo)
69;F;66;180;iniciante;emagrecimento;B;baixa;6;Treino B (Costas, Bíceps, Abdômen)
51;M;96;176;intermediario;emagrecimento;C;baixa;5;Treino C (Pernas Completo)
58;M;96;197;intermediario;resistencia;B;baixa;6;Treino B (Costas, Bíceps, Abdômen)
24;M;75;165;intermediario;resistencia;A;alta;1;Treino A (Peito, Tríceps, Ombro)
42;F;88;158;iniciante;emagrecimento;C;moderada;4;Treino C (Pernas Completo)
61;F;74;161;avancado;emagrecimento;B;alta;2;Treino B (Costas, Bíceps, Abdômen)
71;F;60;172;iniciante;reabilitacao;D;baixa;6;Treino D (Funcional / Reabilitação)
46;F;46;158;iniciante;emagrecimento;A;baixa;6;Treino A (Peito, Tríceps, Ombro)
24;M;69;178;iniciante;resistencia;B;moderada;6;Treino B (Costas, Bíceps, Abdômen)
53;M;70;188;iniciante;musculacao;A;moderada;6;Treino A (Peito, Tríceps, Ombro)
53;M;104;197;iniciante;emagrecimento;A;baixa;6;Treino A (Peito, Tríceps, Ombro)
63;M;74;166;avancado;resistencia;C;alta;1;Treino C (Pernas Completo)
67;M;69;191;intermediario;musculacao;C;moderada;6;Treino C (Pernas Completo)
63;M;114;176;iniciante;musculacao;B;moderada;4;Treino B (Costas, Bíceps, Abdômen)
47;F;86;180;intermediario;emagrecimento;A;moderada;4;Treino A (Peito, Tríceps, Ombro)
16;F;46;159;intermediario;musculacao;B;alta;2;Treino B (Costas, Bíceps, Abdômen)
75;M;98;168;intermediario;musculacao;C;alta;3;Treino C (Pernas Completo)
47;F;70;150;avancado;resistencia;A;moderada;5;Treino A (Peito, Tríceps, Ombro)
21;F;55;154;intermediario;emagrecimento;B;alta;4;Treino B (Costas, Bíceps, Abdômen)
33;F;73;170;avancado;emagrecimento;C;alta;1;Treino C (Pernas Completo)
69;F;80;169;iniciante;musculacao;C;moderada;4;Treino C (Pernas Completo)
28;F;55;157;iniciante;resistencia;C;moderada;5;Treino C (Pernas Completo)
69;F;50;162;avancado;emagrecimento;C;moderada;4;Treino C (Pernas Completo)
48;M;62;193;iniciante;emagrecimento;A;moderada;6;Treino A (Peito, Tríceps, Ombro)
44;F;70;155;avancado;musculacao;A;alta;2;Treino A (Peito, Tríceps, Ombro)
53;M;86;173;intermediario;emagrecimento;A;moderada;6;Treino A (Peito, Tríceps, Ombro)
33;M;64;198;avancado;reabilitacao;D;baixa;6;Treino D (Funcional / Reabilitação)
25;M;89;170;iniciante;reabilitacao;D;baixa;6;Treino D (Funcional / Reabilitação)
60;M;107;184;intermediario;reabilitacao;D;baixa;6;Treino D (Funcional / Reabilitação)
58;M;106;182;intermediario;musculacao;A;moderada;4;Treino A (Peito, Tríceps, Ombro)
72;F;79;171;iniciante;reabilitacao;D;baixa;5;Treino D (Funcional / Reabilitação)
35;F;57;175;intermediario;reabilitacao;D;baixa;5;Treino D (Funcional / Reabilitação)
49;F;48;166;iniciante;emagrecimento;A;baixa;5;Treino A (Peito, Tríceps, Ombro)
45;F;65;150;avancado;musculacao;C;alta;2;Treino C (Pernas Completo)
52;M;87;169;avancado;resistencia;B;moderada;5;Treino B (Costas, Bíceps, Abdômen)
68;M;121;185;intermediario;reabilitacao;D;baixa;6;Treino D (Funcional / Reabilitação)
65;M;73;195;intermediario;reabilitacao;D;baixa;6;Treino D (Funcional / Reabilitação)
73;F;55;176;intermediario;reabilitacao;D;baixa;6;Treino D (Funcional / Reabilitação)
69;M;96;180;iniciante;reabilitacao;D;baixa;6;Treino D (Funcional / Reabilitação)
29;M;80;196;intermediario;reabilitacao;D;baixa;6;Treino D (Funcional / Reabilitação)
25;M;82;189;intermediario;musculacao;C;alta;2;Treino C (Pernas Completo)
28;M;101;168;avancado;resistencia;C;moderada;6;Treino C (Pernas Completo)
72;M;85;171;avancado;musculacao;A;moderada;6;Treino A (Peito, Tríceps, Ombro)
39;F;69;161;iniciante;musculacao;B;moderada;4;Treino B (Costas, Bíceps, Abdômen)
61;F;78;155;iniciante;resistencia;B;baixa;5;Treino B (Costas, Bíceps, Abdômen)
18;F;78;157;intermediario;reabilitacao;D;baixa;6;Treino D (Funcional / Reabilitação)
61;M;102;176;intermediario;reabilitacao;D;baixa;6;Treino D (Funcional / Reabilitação)
18;M;122;176;avancado;musculacao;A;moderada;6;Treino A (Peito, Tríceps, Ombro)
28;M;123;174;iniciante;resistencia;B;baixa;6;Treino B (Costas, Bíceps, Abdômen)
16;F;72;162;intermediario;emagrecimento;A;moderada;4;Treino A (Peito, Tríceps, Ombro)
50;F;51;166;intermediario;resistencia;B;baixa;6;Treino B (Costas, Bíceps, Abdômen)
72;M;97;180;intermediario;resistencia;B;moderada;5;Treino B (Costas, Bíceps, Abdômen)
40;M;110;174;avancado;musculacao;B;moderada;6;Treino B (Costas, Bíceps, Abdômen)
56;M;111;178;iniciante;reabilitacao;D;baixa;5;Treino D (Funcional / Reabilitação)
57;F;90;161;intermediario;musculacao;C;alta;3;Treino C (Pernas Completo)
33;F;84;176;intermediario;resistencia;C;alta;1;Treino C (Pernas Completo)
45;F;82;153;avancado;musculacao;C;alta;2;Treino C (Pernas Completo)
67;F;64;152;iniciante;reabilitacao;D;baixa;6;Treino D (Funcional / Reabilitação)
60;M;63;199;intermediario;resistencia;C;alta;3;Treino C (Pernas Completo)
23;F;74;153;avancado;emagrecimento;C;alta;1;Treino C (Pernas Completo)
53;M;104;174;avancado;musculacao;A;alta;2;Treino A (Peito, Tríceps, Ombro)
19;F;49;161;iniciante;musculacao;A;baixa;5;Treino A (Peito, Tríceps, Ombro)
73;M;78;198;iniciante;emagrecimento;A;moderada;4;Treino A (Peito, Tríceps, Ombro)
37;F;87;166;avancado;resistencia;C;alta;4;Treino C (Pernas Completo)
34;F;56;171;iniciante;resistencia;C;baixa;5;Treino C (Pernas Completo)
24;M;76;172;intermediario;resistencia;C;baixa;5;Treino C (Pernas Completo)
64;F;82;157;avancado;emagrecimento;C;alta;2;Treino C (Pernas Completo)
63;M;104;166;avancado;reabilitacao;D;baixa;6;Treino D (Funcional / Reabilitação)
23;F;70;155;intermediario;reabilitacao;D;baixa;5;Treino D (Funcional / Reabilitação)
55;M;119;183;avancado;emagrecimento;C;alta;3;Treino C (Pernas Completo)
46;F;71;163;iniciante;emagrecimento;B;moderada;4;Treino B (Costas, Bíceps, Abdômen)
34;M;105;184;intermediario;emagrecimento;B;alta;4;Treino B (Costas, Bíceps, Abdômen)
64;M;123;189;avancado;resistencia;B;alta;2;Treino B (Costas, Bíceps, Abdômen)
51;F;89;172;intermediario;reabilitacao;D;baixa;5;Treino D (Funcional / Reabilitação)
43;F;88;167;iniciante;emagrecimento;C;baixa;6;Treino C (Pernas Completo)
72;M;75;169;iniciante;resistencia;C;baixa;6;Treino C (Pernas Completo)
47;M;105;167;iniciante;emagrecimento;A;moderada;4;Treino A (Peito, Tríceps, Ombro)
50;M;113;166;avancado;emagrecimento;C;alta;2;Treino C (Pernas Completo)
61;F;65;172;avancado;resistencia;A;moderada;6;Treino A (Peito, Tríceps, Ombro)
44;F;62;153;intermediario;emagrecimento;A;baixa;6;Treino A (Peito, Tríceps, Ombro)
46;F;77;166;iniciante;emagrecimento;B;moderada;6;Treino B (Costas, Bíceps, Abdômen)
67;F;86;154;intermediario;musculacao;B;alta;4;Treino B (Costas, Bíceps, Abdômen)
27;M;86;168;intermediario;musculacao;B;moderada;4;Treino B (Costas, Bíceps, Abdômen)
34;M;77;199;intermediario;reabilitacao;D;baixa;5;Treino D (Funcional / Reabilitação)
48;M;121;170;iniciante;reabilitacao;D;baixa;6;Treino D (Funcional / Reabilitação)
65;M;113;186;intermediario;emagrecimento;B;baixa;6;Treino B (Costas, Bíceps, Abdômen)
60;F;59;155;iniciante;emagrecimento;C;moderada;5;Treino C (Pernas Completo)
57;F;47;151;avancado;emagrecimento;C;moderada;6;Treino C (Pernas Completo)
62;F;89;151;intermediario;emagrecimento;A;alta;4;Treino A (Peito, Tríceps, Ombro)
21;M;124;200;iniciante;musculacao;B;moderada;5;Treino B (Costas, Bíceps, Abdômen)
69;M;94;178;avancado;musculacao;A;moderada;5;Treino A (Peito, Tríceps, Ombro)
27;F;79;160;intermediario;musculacao;A;moderada;4;Treino A (Peito, Tríceps, Ombro)
63;F;79;153;avancado;musculacao;C;moderada;6;Treino C (Pernas Completo)
29;F;54;176;intermediario;resistencia;A;baixa;6;Treino A (Peito, Tríceps, Ombro)
75;M;68;180;intermediario;musculacao;A;alta;1;Treino A (Peito, Tríceps, Ombro)
72;M;74;187;iniciante;emagrecimento;C;baixa;5;Treino C (Pernas Completo)
21;F;63;177;avancado;emagrecimento;B;moderada;4;Treino B (Costas, Bíceps, Abdômen)
20;M;91;198;intermediario;musculacao;B;moderada;4;Treino B (Costas, Bíceps, Abdômen)
64;M;103;168;intermediario;reabilitacao;D;baixa;6;Treino D (Funcional / Reabilitação)
34;M;63;170;iniciante;resistencia;A;baixa;5;Treino A (Peito, Tríceps, Ombro)
58;F;86;161;intermediario;emagrecimento;B;baixa;6;Treino B (Costas, Bíceps, Abdômen)
33;M;101;189;avancado;musculacao;A;alta;1;Treino A (Peito, Tríceps, Ombro)
54;F;69;179;iniciante;emagrecimento;A;moderada;5;Treino A (Peito, Tríceps, Ombro)
68;F;90;152;intermediario;musculacao;A;moderada;6;Treino A (Peito, Tríceps, Ombro)
36;M;101;174;intermediario;musculacao;A;alta;4;Treino A (Peito, Tríceps, Ombro)
36;M;105;179;avancado;emagrecimento;B;moderada;5;Treino B (Costas, Bíceps, Abdômen)
73;M;95;176;intermediario;reabilitacao;D;baixa;6;Treino D (Funcional / Reabilitação)
21;F;69;163;iniciante;resistencia;B;moderada;4;Treino B (Costas, Bíceps, Abdômen)
40;F;79;165;iniciante;emagrecimento;C;moderada;5;Treino C (Pernas Completo)
72;M;87;166;intermediario;reabilitacao;D;baixa;5;Treino D (Funcional / Reabilitação)
39;F;85;161;intermediario;resistencia;A;alta;4;Treino A (Peito, Tríceps, Ombro)
25;F;85;175;iniciante;resistencia;B;baixa;5;Treino B (Costas, Bíceps, Abdômen)
60;F;49;160;iniciante;resistencia;A;moderada;5;Treino A (Peito, Tríceps, Ombro)
24;M;87;165;intermediario;emagrecimento;B;alta;2;Treino B (Costas, Bíceps, Abdômen)
62;M;113;167;iniciante;resistencia;A;moderada;4;Treino A (Peito, Tríceps, Ombro)
45;M;83;195;avancado;emagrecimento;B;alta;3;Treino B (Costas, Bíceps, Abdômen)
69;M;102;181;avancado;resistencia;C;alta;1;Treino C (Pernas Completo)
47;M;124;180;iniciante;musculacao;C;moderada;4;Treino C (Pernas Completo)
64;M;85;187;avancado;musculacao;B;alta;1;Treino B (Costas, Bíceps, Abdômen)
31;M;119;183;avancado;musculacao;C;alta;1;Treino C (Pernas Completo)
21;M;99;185;iniciante;reabilitacao;D;baixa;6;Treino D (Funcional / Reabilitação)
54;M;99;168;iniciante;emagrecimento;A;baixa;5;Treino A (Peito, Tríceps, Ombro)
56;M;71;199;intermediario;emagrecimento;A;moderada;6;Treino A (Peito, Tríceps, Ombro)
48;F;57;167;intermediario;emagrecimento;B;alta;4;Treino B (Costas, Bíceps, Abdômen)
37;M;123;185;iniciante;resistencia;C;baixa;6;Treino C (Pernas Completo)
49;F;67;163;avancado;musculacao;C;moderada;5;Treino C (Pernas Completo)
39;F;82;170;iniciante;emagrecimento;B;baixa;5;Treino B (Costas, Bíceps, Abdômen)
64;F;65;163;avancado;reabilitacao;D;baixa;5;Treino D (Funcional / Reabilitação)
54;F;81;156;avancado;reabilitacao;D;baixa;6;Treino D (Funcional / Reabilitação)
44;M;90;170;avancado;emagrecimento;C;moderada;6;Treino C (Pernas Completo)
66;M;113;166;avancado;reabilitacao;D;baixa;5;Treino D (Funcional / Reabilitação)
36;M;63;182;iniciante;musculacao;A;moderada;5;Treino A (Peito, Tríceps, Ombro)
17;F;76;154;iniciante;musculacao;B;baixa;5;Treino B (Costas, Bíceps, Abdômen)
17;M;121;168;iniciante;emagrecimento;C;moderada;5;Treino C (Pernas Completo)
63;M;111;188;intermediario;musculacao;A;moderada;4;Treino A (Peito, Tríceps, Ombro)
74;M;82;172;iniciante;emagrecimento;A;moderada;5;Treino A (Peito, Tríceps, Ombro)
70;M;112;167;iniciante;resistencia;A;baixa;5;Treino A (Peito, Tríceps, Ombro)
49;M;63;166;intermediario;resistencia;C;alta;3;Treino C (Pernas Completo)
63;F;58;152;intermediario;musculacao;A;alta;2;Treino A (Peito, Tríceps, Ombro)
27;F;54;160;intermediario;reabilitacao;D;baixa;6;Treino D (Funcional / Reabilitação)
62;F;71;166;intermediario;emagrecimento;B;moderada;5;Treino B (Costas, Bíceps, Abdômen)
21;M;114;199;intermediario;emagrecimento;C;moderada;4;Treino C (Pernas Completo)
56;M;93;183;avancado;musculacao;B;moderada;4;Treino B (Costas, Bíceps, Abdômen)
33;F;57;174;iniciante;resistencia;B;moderada;4;Treino B (Costas, Bíceps, Abdômen)
46;M;119;186;iniciante;resistencia;C;baixa;6;Treino C (Pernas Completo)
72;F;62;173;iniciante;reabilitacao;D;baixa;6;Treino D (Funcional / Reabilitação)
61;F;47;173;intermediario;musculacao;B;alta;3;Treino B (Costas, Bíceps, Abdômen)
36;F;75;163;intermediario;reabilitacao;D;baixa;5;Treino D (Funcional / Reabilitação)
59;F;67;174;intermediario;musculacao;B;alta;1;Treino B (Costas, Bíceps, Abdômen)
68;M;123;175;avancado;musculacao;C;alta;3;Treino C (Pernas Completo)
24;F;53;179;iniciante;musculacao;C;moderada;4;Treino C (Pernas Completo)
36;M;114;189;avancado;emagrecimento;C;moderada;6;Treino C (Pernas Completo)
72;F;61;163;avancado;musculacao;C;moderada;5;Treino C (Pernas Completo)
18;F;67;157;intermediario;reabilitacao;D;baixa;6;Treino D (Funcional / Reabilitação)
44;M;68;192;avancado;emagrecimento;B;moderada;4;Treino B (Costas, Bíceps, Abdômen)
59;M;104;171;iniciante;reabilitacao;D;baixa;6;Treino D (Funcional / Reabilitação)
57;M;88;194;intermediario;emagrecimento;A;baixa;5;Treino A (Peito, Tríceps, Ombro)
29;M;89;192;avancado;resistencia;A;alta;4;Treino A (Peito, Tríceps, Ombro)
70;F;61;161;avancado;resistencia;A;moderada;5;Treino A (Peito, Tríceps, Ombro)
50;M;90;190;iniciante;musculacao;A;baixa;5;Treino A (Peito, Tríceps, Ombro)
39;M;115;172;iniciante;emagrecimento;C;baixa;5;Treino C (Pernas Completo)
50;M;81;185;iniciante;musculacao;A;baixa;5;Treino A (Peito, Tríceps, Ombro)
18;F;77;180;intermediario;reabilitacao;D;baixa;6;Treino D (Funcional / Reabilitação)
47;M;92;197;avancado;reabilitacao;D;baixa;6;Treino D (Funcional / Reabilitação)
26;M;125;181;intermediario;resistencia;B;alta;1;Treino B (Costas, Bíceps, Abdômen)
16;M;105;167;intermediario;resistencia;C;moderada;4;Treino C (Pernas Completo)
49;M;73;192;intermediario;musculacao;B;moderada;4;Treino B (Costas, Bíceps, Abdômen)
75;F;81;165;iniciante;reabilitacao;D;baixa;5;Treino D (Funcional / Reabilitação)
74;M;89;186;iniciante;reabilitacao;D;baixa;5;Treino D (Funcional / Reabilitação)
35;M;96;179;iniciante;reabilitacao;D;baixa;5;Treino D (Funcional / Reabilitação)
70;M;119;168;iniciante;emagrecimento;C;baixa;5;Treino C (Pernas Completo)
37;M;76;195;iniciante;reabilitacao;D;baixa;6;Treino D (Funcional / Reabilitação)
64;M;79;174;avancado;reabilitacao;D;baixa;5;Treino D (Funcional / Reabilitação)
46;M;86;186;intermediario;reabilitacao;D;baixa;5;Treino D (Funcional / Reabilitação)
74;F;74;157;avancado;reabilitacao;D;baixa;6;Treino D (Funcional / Reabilitação)
35;M;114;187;intermediario;emagrecimento;A;baixa;6;Treino A (Peito, Tríceps, Ombro)
34;F;81;169;intermediario;reabilitacao;D;baixa;5;Treino D (Funcional / Reabilitação)
58;M;62;174;intermediario;resistencia;A;moderada;6;Treino A (Peito, Tríceps, Ombro)
39;M;61;190;intermediario;musculacao;A;alta;3;Treino A (Peito, Tríceps, Ombro)
30;M;63;192;intermediario;reabilitacao;D;baixa;6;Treino D (Funcional / Reabilitação)
41;F;89;160;avancado;musculacao;C;alta;2;Treino C (Pernas Completo)
54;F;68;172;iniciante;resistencia;C;moderada;6;Treino C (Pernas Completo)
66;M;101;185;intermediario;reabilitacao;D;baixa;5;Treino D (Funcional / Reabilitação)
65;F;60;170;iniciante;musculacao;A;baixa;5;Treino A (Peito, Tríceps, Ombro)
50;F;70;152;avancado;musculacao;A;alta;3;Treino A (Peito, Tríceps, Ombro)
25;F;74;155;avancado;reabilitacao;D;baixa;6;Treino D (Funcional / Reabilitação)
23;F;67;169;iniciante;resistencia;A;moderada;5;Treino A (Peito, Tríceps, Ombro)
52;M;85;166;intermediario;reabilitacao;D;baixa;6;Treino D (Funcional / Reabilitação)
44;F;67;157;intermediario;reabilitacao;D;baixa;6;Treino D (Funcional / Reabilitação)
25;F;54;150;avancado;emagrecimento;C;alta;1;Treino C (Pernas Completo)
70;M;84;166;avancado;reabilitacao;D;baixa;5;Treino D (Funcional / Reabilitação)
30;F;78;165;avancado;resistencia;A;moderada;6;Treino A (Peito, Tríceps, Ombro)
18;M;79;165;iniciante;resistencia;C;moderada;6;Treino C (Pernas Completo)
70;M;61;174;iniciante;musculacao;C;baixa;5;Treino C (Pernas Completo)
29;M;73;165;iniciante;emagrecimento;C;baixa;6;Treino C (Pernas Completo)
20;F;88;154;intermediario;musculacao;A;moderada;6;Treino A (Peito, Tríceps, Ombro)
73;M;85;166;iniciante;reabilitacao;D;baixa;6;Treino D (Funcional / Reabilitação)
45;F;70;168;avancado;reabilitacao;D;baixa;5;Treino D (Funcional / Reabilitação)
48;F;59;172;iniciante;resistencia;B;moderada;6;Treino B (Costas, Bíceps, Abdômen)
19;M;80;166;intermediario;resistencia;C;alta;3;Treino C (Pernas Completo)
44;F;68;151;intermediario;emagrecimento;A;moderada;4;Treino A (Peito, Tríceps, Ombro)
64;F;76;161;intermediario;reabilitacao;D;baixa;5;Treino D (Funcional / Reabilitação)
75;F;84;172;avancado;emagrecimento;C;moderada;6;Treino C (Pernas Completo)
31;M;98;170;iniciante;reabilitacao;D;baixa;6;Treino D (Funcional / Reabilitação)
42;M;117;189;avancado;reabilitacao;D;baixa;5;Treino D (Funcional / Reabilitação)
23;F;52;166;intermediario;musculacao;C;moderada;4;Treino C (Pernas Completo)
34;M;93;189;iniciante;emagrecimento;B;moderada;5;Treino B (Costas, Bíceps, Abdômen)
24;F;90;155;intermediario;resistencia;A;baixa;5;Treino A (Peito, Tríceps, Ombro)
22;F;76;167;iniciante;musculacao;C;moderada;4;Treino C (Pernas Completo)
26;M;60;197;iniciante;emagrecimento;C;moderada;5;Treino C (Pernas Completo)
17;F;71;168;avancado;musculacao;A;moderada;6;Treino A (Peito, Tríceps, Ombro)
16;F;88;176;intermediario;emagrecimento;B;baixa;6;Treino B (Costas, Bíceps, Abdômen)
31;M;74;169;iniciante;musculacao;A;moderada;6;Treino A (Peito, Tríceps, Ombro)
43;M;77;176;iniciante;musculacao;C;baixa;5;Treino C (Pernas Completo)
25;F;46;165;avancado;emagrecimento;B;alta;1;Treino B (Costas, Bíceps, Abdômen)
16;M;92;200;intermediario;resistencia;C;moderada;6;Treino C (Pernas Completo)
74;M;78;182;avancado;musculacao;C;moderada;4;Treino C (Pernas Completo)
50;M;119;170;iniciante;musculacao;B;moderada;6;Treino B (Costas, Bíceps, Abdômen)
34;F;88;165;intermediario;emagrecimento;A;baixa;5;Treino A (Peito, Tríceps, Ombro)
44;F;82;152;avancado;resistencia;A;alta;1;Treino A (Peito, Tríceps, Ombro)
61;F;65;152;avancado;emagrecimento;B;moderada;6;Treino B (Costas, Bíceps, Abdômen)
58;M;113;198;iniciante;reabilitacao;D;baixa;5;Treino D (Funcional / Reabilitação)
72;M;74;183;intermediario;reabilitacao;D;baixa;5;Treino D (Funcional / Reabilitação)
20;F;84;164;intermediario;emagrecimento;B;alta;2;Treino B (Costas, Bíceps, Abdômen)
63;M;118;176;intermediario;musculacao;C;moderada;4;Treino C (Pernas Completo)
44;F;80;166;avancado;musculacao;B;alta;2;Treino B (Costas, Bíceps, Abdômen)
23;M;112;178;intermediario;reabilitacao;D;baixa;5;Treino D (Funcional / Reabilitação)
27;M;95;179;avancado;resistencia;B;moderada;4;Treino B (Costas, Bíceps, Abdômen)
55;M;63;178;iniciante;reabilitacao;D;baixa;6;Treino D (Funcional / Reabilitação)
44;F;81;168;avancado;musculacao;A;moderada;6;Treino A (Peito, Tríceps, Ombro)
57;F;71;170;intermediario;reabilitacao;D;baixa;6;Treino D (Funcional / Reabilitação)
51;M;74;195;intermediario;emagrecimento;A;moderada;4;Treino A (Peito, Tríceps, Ombro)
34;M;82;178;intermediario;resistencia;C;baixa;6;Treino C (Pernas Completo)
47;F;48;165;intermediario;reabilitacao;D;baixa;5;Treino D (Funcional / Reabilitação)
29;M;125;185;intermediario;musculacao;B;moderada;4;Treino B (Costas, Bíceps, Abdômen)
41;F;47;173;iniciante;resistencia;B;moderada;5;Treino B (Costas, Bíceps, Abdômen)
72;F;45;177;intermediario;musculacao;C;moderada;5;Treino C (Pernas Completo)
55;M;83;188;intermediario;emagrecimento;C;alta;4;Treino C (Pernas Completo)
74;M;66;172;iniciante;resistencia;A;baixa;6;Treino A (Peito, Tríceps, Ombro)
69;F;62;177;intermediario;emagrecimento;C;baixa;5;Treino C (Pernas Completo)
59;F;85;156;avancado;resistencia;A;moderada;5;Treino A (Peito, Tríceps, Ombro)
21;F;78;165;intermediario;emagrecimento;B;moderada;5;Treino B (Costas, Bíceps, Abdômen)
26;F;51;180;intermediario;resistencia;A;moderada;5;Treino A (Peito, Tríceps, Ombro)
35;M;121;194;intermediario;reabilitacao;D;baixa;5;Treino D (Funcional / Reabilitação)
73;M;60;168;intermediario;reabilitacao;D;baixa;5;Treino D (Funcional / Reabilitação)
52;M;105;187;avancado;resistencia;A;alta;4;Treino A (Peito, Tríceps, Ombro)
74;F;56;161;iniciante;musculacao;C;baixa;5;Treino C (Pernas Completo)
55;M;62;175;intermediario;musculacao;B;moderada;6;Treino B (Costas, Bíceps, Abdômen)
40;M;93;196;iniciante;emagrecimento;B;baixa;6;Treino B (Costas, Bíceps, Abdômen)
54;M;73;192;avancado;reabilitacao;D;baixa;5;Treino D (Funcional / Reabilitação)
65;F;69;170;avancado;resistencia;B;moderada;4;Treino B (Costas, Bíceps, Abdômen)
64;F;68;150;intermediario;emagrecimento;A;baixa;5;Treino A (Peito, Tríceps, Ombro)
28;M;109;168;iniciante;resistencia;C;baixa;5;Treino C (Pernas Completo)
60;F;54;153;intermediario;musculacao;A;alta;4;Treino A (Peito, Tríceps, Ombro)
72;M;70;173;intermediario;resistencia;B;moderada;4;Treino B (Costas, Bíceps, Abdômen)
68;F;50;157;avancado;reabilitacao;D;baixa;6;Treino D (Funcional / Reabilitação)
51;F;58;157;intermediario;emagrecimento;B;alta;1;Treino B (Costas, Bíceps, Abdômen)
21;M;119;170;iniciante;resistencia;C;baixa;5;Treino C (Pernas Completo)
47;F;51;163;avancado;emagrecimento;B;alta;4;Treino B (Costas, Bíceps, Abdômen)
70;F;52;154;intermediario;reabilitacao;D;baixa;6;Treino D (Funcional / Reabilitação)
64;M;119;173;iniciante;musculacao;A;moderada;4;Treino A (Peito, Tríceps, Ombro)
22;F;73;159;iniciante;emagrecimento;C;baixa;5;Treino C (Pernas Completo)
19;M;96;191;iniciante;emagrecimento;C;moderada;4;Treino C (Pernas Completo)
52;F;88;156;intermediario;musculacao;B;alta;4;Treino B (Costas, Bíceps, Abdômen)
59;M;75;177;intermediario;emagrecimento;B;baixa;6;Treino B (Costas, Bíceps, Abdômen)
53;F;81;159;intermediario;resistencia;B;baixa;5;Treino B (Costas, Bíceps, Abdômen)
25;F;82;177;iniciante;reabilitacao;D;baixa;5;Treino D (Funcional / Reabilitação)
29;M;106;174;intermediario;musculacao;C;alta;3;Treino C (Pernas Completo)
57;M;69;185;intermediario;emagrecimento;A;moderada;6;Treino A (Peito, Tríceps, Ombro)
71;M;90;183;avancado;resistencia;C;moderada;5;Treino C (Pernas Completo)
44;F;55;180;avancado;emagrecimento;A;alta;1;Treino A (Peito, Tríceps, Ombro)
21;M;124;179;avancado;reabilitacao;D;baixa;6;Treino D (Funcional / Reabilitação)
29;F;82;161;avancado;emagrecimento;A;alta;2;Treino A (Peito, Tríceps, Ombro)
35;F;52;155;avancado;resistencia;B;alta;4;Treino B (Costas, Bíceps, Abdômen)
70;F;66;169;iniciante;reabilitacao;D;baixa;5;Treino D (Funcional / Reabilitação)
36;M;107;177;iniciante;musculacao;C;baixa;5;Treino C (Pernas Completo)
55;F;82;152;intermediario;resistencia;A;alta;2;Treino A (Peito, Tríceps, Ombro)
68;F;52;178;avancado;resistencia;C;alta;2;Treino C (Pernas Completo)
49;M;66;179;iniciante;reabilitacao;D;baixa;6;Treino D (Funcional / Reabilitação)
57;F;89;166;avancado;emagrecimento;B;moderada;5;Treino B (Costas, Bíceps, Abdômen)
21;M;71;188;avancado;musculacao;A;alta;3;Treino A (Peito, Tríceps, Ombro)
58;F;66;157;intermediario;reabilitacao;D;baixa;5;Treino D (Funcional / Reabilitação)
22;M;86;174;intermediario;resistencia;A;moderada;5;Treino A (Peito, Tríceps, Ombro)
45;M;69;194;avancado;reabilitacao;D;baixa;6;Treino D (Funcional / Reabilitação)
54;F;46;152;intermediario;musculacao;C;alta;4;Treino C (Pernas Completo)
17;F;76;163;avancado;musculacao;B;moderada;4;Treino B (Costas, Bíceps, Abdômen)
48;F;67;157;intermediario;emagrecimento;B;baixa;5;Treino B (Costas, Bíceps, Abdômen)
36;M;92;183;intermediario;reabilitacao;D;baixa;5;Treino D (Funcional / Reabilitação)
26;M;74;180;intermediario;resistencia;B;alta;3;Treino B (Costas, Bíceps, Abdômen)
58;M;92;178;avancado;reabilitacao;D;baixa;5;Treino D (Funcional / Reabilitação)
42;M;121;168;iniciante;resistencia;C;baixa;5;Treino C (Pernas Completo)
34;M;103;197;iniciante;emagrecimento;B;moderada;6;Treino B (Costas, Bíceps, Abdômen)
72;M;71;198;avancado;musculacao;B;moderada;6;Treino B (Costas, Bíceps, Abdômen)
44;M;102;169;intermediario;emagrecimento;C;alta;2;Treino C (Pernas Completo)
60;M;119;171;intermediario;resistencia;C;alta;3;Treino C (Pernas Completo)
56;M;118;173;avancado;emagrecimento;B;moderada;6;Treino B (Costas, Bíceps, Abdômen)
60;F;68;158;intermediario;musculacao;B;alta;2;Treino B (Costas, Bíceps, Abdômen)
23;F;64;155;intermediario;musculacao;B;alta;2;Treino B (Costas, Bíceps, Abdômen)
29;M;114;196;avancado;musculacao;A;alta;4;Treino A (Peito, Tríceps, Ombro)
53;M;94;196;intermediario;musculacao;A;alta;2;Treino A (Peito, Tríceps, Ombro)
59;F;54;162;intermediario;musculacao;B;alta;3;Treino B (Costas, Bíceps, Abdômen)
34;M;113;185;avancado;emagrecimento;A;moderada;6;Treino A (Peito, Tríceps, Ombro)
28;M;102;181;intermediario;resistencia;A;moderada;5;Treino A (Peito, Tríceps, Ombro)
70;M;83;195;iniciante;reabilitacao;D;baixa;5;Treino D (Funcional / Reabilitação)
16;M;114;195;avancado;musculacao;C;alta;4;Treino C (Pernas Completo)
56;M;112;187;avancado;resistencia;C;alta;3;Treino C (Pernas Completo)
35;M;122;170;avancado;reabilitacao;D;baixa;6;Treino D (Funcional / Reabilitação)
65;M;66;181;avancado;musculacao;A;moderada;6;Treino A (Peito, Tríceps, Ombro)
55;M;122;195;avancado;resistencia;B;alta;4;Treino B (Costas, Bíceps, Abdômen)
36;F;66;158;iniciante;emagrecimento;B;baixa;6;Treino B (Costas, Bíceps, Abdômen)
29;F;55;172;avancado;musculacao;A;alta;4;Treino A (Peito, Tríceps, Ombro)
73;F;62;153;iniciante;resistencia;A;moderada;6;Treino A (Peito, Tríceps, Ombro)
58;F;61;171;intermediario;reabilitacao;D;baixa;5;Treino D (Funcional / Reabilitação)
22;F;88;176;avancado;resistencia;B;moderada;5;Treino B (Costas, Bíceps, Abdômen)
30;F;87;150;intermediario;reabilitacao;D;baixa;5;Treino D (Funcional / Reabilitação)
62;M;72;186;iniciante;resistencia;C;baixa;5;Treino C (Pernas Completo)
69;F;73;178;intermediario;musculacao;C;moderada;6;Treino C (Pernas Completo)
38;M;121;180;intermediario;reabilitacao;D;baixa;6;Treino D (Funcional / Reabilitação)
42;M;81;180;iniciante;musculacao;C;baixa;5;Treino C (Pernas Completo)
45;M;107;177;iniciante;emagrecimento;B;moderada;5;Treino B (Costas, Bíceps, Abdômen)
51;M;108;178;avancado;reabilitacao;D;baixa;5;Treino D (Funcional / Reabilitação)
19;M;112;197;iniciante;emagrecimento;C;moderada;6;Treino C (Pernas Completo)
17;F;70;159;intermediario;musculacao;A;moderada;4;Treino A (Peito, Tríceps, Ombro)
36;F;75;155;avancado;resistencia;B;moderada;4;Treino B (Costas, Bíceps, Abdômen)
18;F;70;174;iniciante;musculacao;A;baixa;5;Treino A (Peito, Tríceps, Ombro)
43;F;77;157;avancado;reabilitacao;D;baixa;6;Treino D (Funcional / Reabilitação)
63;M;102;166;avancado;resistencia;C;moderada;5;Treino C (Pernas Completo)
66;M;95;180;iniciante;reabilitacao;D;baixa;5;Treino D (Funcional / Reabilitação)
40;F;70;173;intermediario;reabilitacao;D;baixa;6;Treino D (Funcional / Reabilitação)
30;F;50;161;iniciante;musculacao;A;baixa;5;Treino A (Peito, Tríceps, Ombro)
69;F;79;150;iniciante;reabilitacao;D;baixa;5;Treino D (Funcional / Reabilitação)
